"Land","Geschlecht","count","Jahr"
"AFG","Men",0,1976
"AHO","Men",2,1976
"ALB","Men",0,1976
"ALG","Men",0,1976
"AND","Men",0,1976
"ANG","Men",0,1976
"ANT","Men",0,1976
"ARG","Men",2,1976
"ARM","Men",0,1976
"ARU","Men",0,1976
"ASA","Men",0,1976
"AUS","Men",16,1976
"AUT","Men",3,1976
"AZE","Men",0,1976
"BAH","Men",7,1976
"BAN","Men",0,1976
"BAR","Men",7,1976
"BDI","Men",0,1976
"BEL","Men",17,1976
"BEN","Men",0,1976
"BER","Men",7,1976
"BIH","Men",0,1976
"BIR","Men",0,1976
"BIZ","Men",2,1976
"BLR","Men",0,1976
"BOL","Men",1,1976
"BOT","Men",0,1976
"BRA","Men",5,1976
"BRN","Men",0,1976
"BRU","Men",0,1976
"BUL","Men",4,1976
"BUR","Men",0,1976
"CAF","Men",0,1976
"CAM","Men",0,1976
"CAN","Men",36,1976
"CAY","Men",0,1976
"CGO","Men",0,1976
"CHA","Men",0,1976
"CHI","Men",1,1976
"CHN","Men",0,1976
"CIV","Men",7,1976
"CMR","Men",0,1976
"COD","Men",0,1976
"COK","Men",0,1976
"COL","Men",7,1976
"COM","Men",0,1976
"CPV","Men",0,1976
"CRC","Men",0,1976
"CRO","Men",0,1976
"CUB","Men",18,1976
"CUR","Men",0,1976
"CYP","Men",0,1976
"CZE","Men",0,1976
"DEN","Men",3,1976
"DJI","Men",0,1976
"DMA","Men",0,1976
"DOM","Men",1,1976
"ECU","Men",0,1976
"EGY","Men",0,1976
"ERI","Men",0,1976
"ESA","Men",0,1976
"ESP","Men",16,1976
"EST","Men",0,1976
"ETH","Men",0,1976
"EUN","Men",0,1976
"FIJ","Men",1,1976
"FIN","Men",25,1976
"FRA","Men",38,1976
"FRG","Men",37,1976
"FSM","Men",0,1976
"GAB","Men",0,1976
"GAM","Men",0,1976
"GBR","Men",31,1976
"GBS","Men",0,1976
"GDR","Men",23,1976
"GEO","Men",0,1976
"GEQ","Men",0,1976
"GER","Men",0,1976
"GHA","Men",0,1976
"GRE","Men",10,1976
"GRN","Men",0,1976
"GUA","Men",0,1976
"GUI","Men",0,1976
"GUM","Men",0,1976
"GUY","Men",0,1976
"HAI","Men",7,1976
"HKG","Men",0,1976
"HON","Men",3,1976
"HUN","Men",10,1976
"ICP","Men",0,1976
"INA","Men",0,1976
"IND","Men",4,1976
"IOA","Men",0,1976
"IRI","Men",4,1976
"IRL","Men",6,1976
"IRQ","Men",0,1976
"ISL","Men",5,1976
"ISR","Men",0,1976
"ISV","Men",2,1976
"ITA","Men",25,1976
"IVB","Men",0,1976
"JAM","Men",5,1976
"JOR","Men",0,1976
"JPN","Men",13,1976
"KAZ","Men",0,1976
"KEN","Men",0,1976
"KGZ","Men",0,1976
"KIR","Men",0,1976
"KOR","Men",0,1976
"KSA","Men",14,1976
"KUW","Men",6,1976
"LAN","Men",8,1976
"LAO","Men",0,1976
"LAT","Men",0,1976
"LBA","Men",0,1976
"LBR","Men",0,1976
"LCA","Men",0,1976
"LES","Men",0,1976
"LIB","Men",1,1976
"LIE","Men",1,1976
"LTU","Men",0,1976
"LUX","Men",3,1976
"MAD","Men",0,1976
"MAR","Men",0,1976
"MAS","Men",3,1976
"MAW","Men",0,1976
"MDA","Men",0,1976
"MDV","Men",0,1976
"MEX","Men",7,1976
"MGL","Men",0,1976
"MHL","Men",0,1976
"MKD","Men",0,1976
"MLI","Men",0,1976
"MLT","Men",0,1976
"MNE","Men",0,1976
"MON","Men",0,1976
"MOZ","Men",0,1976
"MRI","Men",0,1976
"MTN","Men",0,1976
"MYA","Men",0,1976
"NAM","Men",0,1976
"NCA","Men",5,1976
"NED","Men",3,1976
"NEP","Men",1,1976
"NGR","Men",0,1976
"NIG","Men",0,1976
"NOR","Men",8,1976
"NZL","Men",7,1976
"OMA","Men",0,1976
"PAK","Men",2,1976
"PAN","Men",1,1976
"PAR","Men",1,1976
"PER","Men",0,1976
"PHI","Men",1,1976
"PLE","Men",0,1976
"PLW","Men",0,1976
"PNG","Men",3,1976
"POL","Men",28,1976
"POR","Men",6,1976
"PRK","Men",3,1976
"PRY","Men",0,1976
"PUR","Men",9,1976
"QAT","Men",0,1976
"ROU","Men",6,1976
"RSA","Men",0,1976
"RUS","Men",0,1976
"RWA","Men",0,1976
"SAM","Men",0,1976
"SCG","Men",0,1976
"SEN","Men",8,1976
"SEY","Men",0,1976
"SIN","Men",0,1976
"SKN","Men",0,1976
"SLE","Men",0,1976
"SLO","Men",0,1976
"SMR","Men",0,1976
"SOL","Men",0,1976
"SOM","Men",0,1976
"SRB","Men",0,1976
"SRI","Men",0,1976
"SSD","Men",0,1976
"STP","Men",0,1976
"SUD","Men",0,1976
"SUI","Men",6,1976
"SUR","Men",2,1976
"SVK","Men",0,1976
"SWE","Men",17,1976
"SWZ","Men",0,1976
"SYR","Men",0,1976
"TAN","Men",0,1976
"TCH","Men",7,1976
"TGA","Men",0,1976
"THA","Men",4,1976
"TJK","Men",0,1976
"TKM","Men",0,1976
"TLS","Men",0,1976
"TOG","Men",0,1976
"TPE","Men",0,1976
"TTO","Men",10,1976
"TUN","Men",0,1976
"TUR","Men",2,1976
"TUV","Men",0,1976
"UAE","Men",0,1976
"UGA","Men",0,1976
"UKR","Men",0,1976
"URS","Men",39,1976
"URU","Men",0,1976
"USA","Men",61,1976
"UZB","Men",0,1976
"VAN","Men",0,1976
"VEN","Men",0,1976
"VIE","Men",0,1976
"VIN","Men",0,1976
"YAR","Men",0,1976
"YEM","Men",0,1976
"YUG","Men",9,1976
"ZAI","Men",0,1976
"ZAM","Men",0,1976
"ZIM","Men",0,1976
"AFG","Women",0,1976
"AHO","Women",0,1976
"ALB","Women",0,1976
"ALG","Women",0,1976
"AND","Women",0,1976
"ANG","Women",0,1976
"ANT","Women",0,1976
"ARG","Women",0,1976
"ARM","Women",0,1976
"ARU","Women",0,1976
"ASA","Women",0,1976
"AUS","Women",11,1976
"AUT","Women",3,1976
"AZE","Women",0,1976
"BAH","Women",1,1976
"BAN","Women",0,1976
"BAR","Women",2,1976
"BDI","Women",0,1976
"BEL","Women",8,1976
"BEN","Women",0,1976
"BER","Women",1,1976
"BIH","Women",0,1976
"BIR","Women",0,1976
"BIZ","Women",0,1976
"BLR","Women",0,1976
"BOL","Women",0,1976
"BOT","Women",0,1976
"BRA","Women",3,1976
"BRN","Women",0,1976
"BRU","Women",0,1976
"BUL","Women",15,1976
"BUR","Women",0,1976
"CAF","Women",0,1976
"CAM","Women",0,1976
"CAN","Women",19,1976
"CAY","Women",0,1976
"CGO","Women",0,1976
"CHA","Women",0,1976
"CHI","Women",0,1976
"CHN","Women",0,1976
"CIV","Women",1,1976
"CMR","Women",0,1976
"COD","Women",0,1976
"COK","Women",0,1976
"COL","Women",0,1976
"COM","Women",0,1976
"CPV","Women",0,1976
"CRC","Women",0,1976
"CRO","Women",0,1976
"CUB","Women",8,1976
"CUR","Women",0,1976
"CYP","Women",0,1976
"CZE","Women",0,1976
"DEN","Women",0,1976
"DJI","Women",0,1976
"DMA","Women",0,1976
"DOM","Women",1,1976
"ECU","Women",0,1976
"EGY","Women",0,1976
"ERI","Women",0,1976
"ESA","Women",0,1976
"ESP","Women",1,1976
"EST","Women",0,1976
"ETH","Women",0,1976
"EUN","Women",0,1976
"FIJ","Women",1,1976
"FIN","Women",6,1976
"FRA","Women",6,1976
"FRG","Women",17,1976
"FSM","Women",0,1976
"GAB","Women",0,1976
"GAM","Women",0,1976
"GBR","Women",21,1976
"GBS","Women",0,1976
"GDR","Women",35,1976
"GEO","Women",0,1976
"GEQ","Women",0,1976
"GER","Women",0,1976
"GHA","Women",0,1976
"GRE","Women",2,1976
"GRN","Women",0,1976
"GUA","Women",0,1976
"GUI","Women",0,1976
"GUM","Women",0,1976
"GUY","Women",0,1976
"HAI","Women",3,1976
"HKG","Women",0,1976
"HON","Women",0,1976
"HUN","Women",6,1976
"ICP","Women",0,1976
"INA","Women",1,1976
"IND","Women",0,1976
"IOA","Women",0,1976
"IRI","Women",0,1976
"IRL","Women",1,1976
"IRQ","Women",0,1976
"ISL","Women",2,1976
"ISR","Women",1,1976
"ISV","Women",1,1976
"ITA","Women",7,1976
"IVB","Women",0,1976
"JAM","Women",9,1976
"JOR","Women",0,1976
"JPN","Women",2,1976
"KAZ","Women",0,1976
"KEN","Women",0,1976
"KGZ","Women",0,1976
"KIR","Women",0,1976
"KOR","Women",0,1976
"KSA","Women",0,1976
"KUW","Women",0,1976
"LAN","Women",0,1976
"LAO","Women",0,1976
"LAT","Women",0,1976
"LBA","Women",0,1976
"LBR","Women",0,1976
"LCA","Women",0,1976
"LES","Women",0,1976
"LIB","Women",0,1976
"LIE","Women",2,1976
"LTU","Women",0,1976
"LUX","Women",0,1976
"MAD","Women",0,1976
"MAR","Women",0,1976
"MAS","Women",0,1976
"MAW","Women",0,1976
"MDA","Women",0,1976
"MDV","Women",0,1976
"MEX","Women",0,1976
"MGL","Women",0,1976
"MHL","Women",0,1976
"MKD","Women",0,1976
"MLI","Women",0,1976
"MLT","Women",0,1976
"MNE","Women",0,1976
"MON","Women",0,1976
"MOZ","Women",0,1976
"MRI","Women",0,1976
"MTN","Women",0,1976
"MYA","Women",0,1976
"NAM","Women",0,1976
"NCA","Women",0,1976
"NED","Women",2,1976
"NEP","Women",0,1976
"NGR","Women",0,1976
"NIG","Women",0,1976
"NOR","Women",2,1976
"NZL","Women",3,1976
"OMA","Women",0,1976
"PAK","Women",0,1976
"PAN","Women",0,1976
"PAR","Women",0,1976
"PER","Women",1,1976
"PHI","Women",0,1976
"PLE","Women",0,1976
"PLW","Women",0,1976
"PNG","Women",0,1976
"POL","Women",4,1976
"POR","Women",0,1976
"PRK","Women",0,1976
"PRY","Women",0,1976
"PUR","Women",1,1976
"QAT","Women",0,1976
"ROU","Women",10,1976
"RSA","Women",0,1976
"RUS","Women",0,1976
"RWA","Women",0,1976
"SAM","Women",0,1976
"SCG","Women",0,1976
"SEN","Women",2,1976
"SEY","Women",0,1976
"SIN","Women",1,1976
"SKN","Women",0,1976
"SLE","Women",0,1976
"SLO","Women",0,1976
"SMR","Women",2,1976
"SOL","Women",0,1976
"SOM","Women",0,1976
"SRB","Women",0,1976
"SRI","Women",0,1976
"SSD","Women",0,1976
"STP","Women",0,1976
"SUD","Women",0,1976
"SUI","Women",1,1976
"SUR","Women",0,1976
"SVK","Women",0,1976
"SWE","Women",2,1976
"SWZ","Women",0,1976
"SYR","Women",0,1976
"TAN","Women",0,1976
"TCH","Women",7,1976
"TGA","Women",0,1976
"THA","Women",0,1976
"TJK","Women",0,1976
"TKM","Women",0,1976
"TLS","Women",0,1976
"TOG","Women",0,1976
"TPE","Women",0,1976
"TTO","Women",0,1976
"TUN","Women",0,1976
"TUR","Women",0,1976
"TUV","Women",0,1976
"UAE","Women",0,1976
"UGA","Women",0,1976
"UKR","Women",0,1976
"URS","Women",31,1976
"URU","Women",1,1976
"USA","Women",31,1976
"UZB","Women",0,1976
"VAN","Women",0,1976
"VEN","Women",1,1976
"VIE","Women",0,1976
"VIN","Women",0,1976
"YAR","Women",0,1976
"YEM","Women",0,1976
"YUG","Women",4,1976
"ZAI","Women",0,1976
"ZAM","Women",0,1976
"ZIM","Women",0,1976
"AFG","Men",0,1980
"AHO","Men",0,1980
"ALB","Men",0,1980
"ALG","Men",9,1980
"AND","Men",0,1980
"ANG","Men",3,1980
"ANT","Men",0,1980
"ARG","Men",0,1980
"ARM","Men",0,1980
"ARU","Men",0,1980
"ASA","Men",0,1980
"AUS","Men",14,1980
"AUT","Men",10,1980
"AZE","Men",0,1980
"BAH","Men",0,1980
"BAN","Men",0,1980
"BAR","Men",0,1980
"BDI","Men",0,1980
"BEL","Men",12,1980
"BEN","Men",8,1980
"BER","Men",0,1980
"BIH","Men",0,1980
"BIR","Men",1,1980
"BIZ","Men",0,1980
"BLR","Men",0,1980
"BOL","Men",0,1980
"BOT","Men",7,1980
"BRA","Men",10,1980
"BRN","Men",0,1980
"BRU","Men",0,1980
"BUL","Men",22,1980
"BUR","Men",0,1980
"CAF","Men",0,1980
"CAM","Men",0,1980
"CAN","Men",0,1980
"CAY","Men",0,1980
"CGO","Men",6,1980
"CHA","Men",0,1980
"CHI","Men",0,1980
"CHN","Men",0,1980
"CIV","Men",0,1980
"CMR","Men",1,1980
"COD","Men",0,1980
"COK","Men",0,1980
"COL","Men",4,1980
"COM","Men",0,1980
"CPV","Men",0,1980
"CRC","Men",0,1980
"CRO","Men",0,1980
"CUB","Men",13,1980
"CUR","Men",0,1980
"CYP","Men",0,1980
"CZE","Men",0,1980
"DEN","Men",2,1980
"DJI","Men",0,1980
"DMA","Men",0,1980
"DOM","Men",1,1980
"ECU","Men",0,1980
"EGY","Men",0,1980
"ERI","Men",0,1980
"ESA","Men",0,1980
"ESP","Men",21,1980
"EST","Men",0,1980
"ETH","Men",23,1980
"EUN","Men",0,1980
"FIJ","Men",0,1980
"FIN","Men",23,1980
"FRA","Men",22,1980
"FRG","Men",0,1980
"FSM","Men",0,1980
"GAB","Men",0,1980
"GAM","Men",0,1980
"GBR","Men",39,1980
"GBS","Men",0,1980
"GDR","Men",49,1980
"GEO","Men",0,1980
"GEQ","Men",0,1980
"GER","Men",0,1980
"GHA","Men",0,1980
"GRE","Men",6,1980
"GRN","Men",0,1980
"GUA","Men",0,1980
"GUI","Men",3,1980
"GUM","Men",0,1980
"GUY","Men",1,1980
"HAI","Men",0,1980
"HKG","Men",0,1980
"HON","Men",0,1980
"HUN","Men",15,1980
"ICP","Men",0,1980
"INA","Men",0,1980
"IND","Men",9,1980
"IOA","Men",0,1980
"IRI","Men",0,1980
"IRL","Men",7,1980
"IRQ","Men",6,1980
"ISL","Men",4,1980
"ISR","Men",0,1980
"ISV","Men",0,1980
"ITA","Men",17,1980
"IVB","Men",0,1980
"JAM","Men",9,1980
"JOR","Men",0,1980
"JPN","Men",0,1980
"KAZ","Men",0,1980
"KEN","Men",0,1980
"KGZ","Men",0,1980
"KIR","Men",0,1980
"KOR","Men",0,1980
"KSA","Men",0,1980
"KUW","Men",8,1980
"LAN","Men",0,1980
"LAO","Men",5,1980
"LAT","Men",0,1980
"LBA","Men",7,1980
"LBR","Men",0,1980
"LCA","Men",0,1980
"LES","Men",5,1980
"LIB","Men",2,1980
"LIE","Men",0,1980
"LTU","Men",0,1980
"LUX","Men",1,1980
"MAD","Men",2,1980
"MAR","Men",0,1980
"MAS","Men",0,1980
"MAW","Men",0,1980
"MDA","Men",0,1980
"MDV","Men",0,1980
"MEX","Men",7,1980
"MGL","Men",0,1980
"MHL","Men",0,1980
"MKD","Men",0,1980
"MLI","Men",2,1980
"MLT","Men",0,1980
"MNE","Men",0,1980
"MON","Men",0,1980
"MOZ","Men",7,1980
"MRI","Men",0,1980
"MTN","Men",0,1980
"MYA","Men",0,1980
"NAM","Men",0,1980
"NCA","Men",1,1980
"NED","Men",7,1980
"NEP","Men",5,1980
"NGR","Men",10,1980
"NIG","Men",0,1980
"NOR","Men",0,1980
"NZL","Men",0,1980
"OMA","Men",0,1980
"PAK","Men",0,1980
"PAN","Men",0,1980
"PAR","Men",0,1980
"PER","Men",3,1980
"PHI","Men",0,1980
"PLE","Men",0,1980
"PLW","Men",0,1980
"PNG","Men",0,1980
"POL","Men",31,1980
"POR","Men",3,1980
"PRK","Men",3,1980
"PRY","Men",0,1980
"PUR","Men",0,1980
"QAT","Men",0,1980
"ROU","Men",8,1980
"RSA","Men",0,1980
"RUS","Men",0,1980
"RWA","Men",0,1980
"SAM","Men",0,1980
"SCG","Men",0,1980
"SEN","Men",8,1980
"SEY","Men",7,1980
"SIN","Men",0,1980
"SKN","Men",0,1980
"SLE","Men",10,1980
"SLO","Men",0,1980
"SMR","Men",1,1980
"SOL","Men",0,1980
"SOM","Men",0,1980
"SRB","Men",0,1980
"SRI","Men",4,1980
"SSD","Men",0,1980
"STP","Men",0,1980
"SUD","Men",0,1980
"SUI","Men",13,1980
"SUR","Men",0,1980
"SVK","Men",0,1980
"SWE","Men",10,1980
"SWZ","Men",0,1980
"SYR","Men",10,1980
"TAN","Men",11,1980
"TCH","Men",18,1980
"TGA","Men",0,1980
"THA","Men",0,1980
"TJK","Men",0,1980
"TKM","Men",0,1980
"TLS","Men",0,1980
"TOG","Men",0,1980
"TPE","Men",0,1980
"TTO","Men",9,1980
"TUN","Men",0,1980
"TUR","Men",0,1980
"TUV","Men",0,1980
"UAE","Men",0,1980
"UGA","Men",6,1980
"UKR","Men",0,1980
"URS","Men",64,1980
"URU","Men",0,1980
"USA","Men",0,1980
"UZB","Men",0,1980
"VAN","Men",0,1980
"VEN","Men",1,1980
"VIE","Men",3,1980
"VIN","Men",0,1980
"YAR","Men",0,1980
"YEM","Men",0,1980
"YUG","Men",12,1980
"ZAI","Men",0,1980
"ZAM","Men",9,1980
"ZIM","Men",4,1980
"AFG","Women",0,1980
"AHO","Women",0,1980
"ALB","Women",0,1980
"ALG","Women",0,1980
"AND","Women",0,1980
"ANG","Women",0,1980
"ANT","Women",0,1980
"ARG","Women",0,1980
"ARM","Women",0,1980
"ARU","Women",0,1980
"ASA","Women",0,1980
"AUS","Women",7,1980
"AUT","Women",1,1980
"AZE","Women",0,1980
"BAH","Women",0,1980
"BAN","Women",0,1980
"BAR","Women",0,1980
"BDI","Women",0,1980
"BEL","Women",7,1980
"BEN","Women",1,1980
"BER","Women",0,1980
"BIH","Women",0,1980
"BIR","Women",0,1980
"BIZ","Women",0,1980
"BLR","Women",0,1980
"BOL","Women",0,1980
"BOT","Women",0,1980
"BRA","Women",1,1980
"BRN","Women",0,1980
"BRU","Women",0,1980
"BUL","Women",25,1980
"BUR","Women",0,1980
"CAF","Women",0,1980
"CAM","Women",0,1980
"CAN","Women",0,1980
"CAY","Women",0,1980
"CGO","Women",0,1980
"CHA","Women",0,1980
"CHI","Women",0,1980
"CHN","Women",0,1980
"CIV","Women",0,1980
"CMR","Women",3,1980
"COD","Women",0,1980
"COK","Women",0,1980
"COL","Women",0,1980
"COM","Women",0,1980
"CPV","Women",0,1980
"CRC","Women",0,1980
"CRO","Women",0,1980
"CUB","Women",4,1980
"CUR","Women",0,1980
"CYP","Women",0,1980
"CZE","Women",0,1980
"DEN","Women",0,1980
"DJI","Women",0,1980
"DMA","Women",0,1980
"DOM","Women",1,1980
"ECU","Women",1,1980
"EGY","Women",0,1980
"ERI","Women",0,1980
"ESA","Women",0,1980
"ESP","Women",0,1980
"EST","Women",0,1980
"ETH","Women",2,1980
"EUN","Women",0,1980
"FIJ","Women",0,1980
"FIN","Women",3,1980
"FRA","Women",9,1980
"FRG","Women",0,1980
"FSM","Women",0,1980
"GAB","Women",0,1980
"GAM","Women",0,1980
"GBR","Women",22,1980
"GBS","Women",0,1980
"GDR","Women",33,1980
"GEO","Women",0,1980
"GEQ","Women",0,1980
"GER","Women",0,1980
"GHA","Women",0,1980
"GRE","Women",2,1980
"GRN","Women",0,1980
"GUA","Women",0,1980
"GUI","Women",0,1980
"GUM","Women",0,1980
"GUY","Women",1,1980
"HAI","Women",0,1980
"HKG","Women",0,1980
"HON","Women",0,1980
"HUN","Women",12,1980
"ICP","Women",0,1980
"INA","Women",0,1980
"IND","Women",2,1980
"IOA","Women",0,1980
"IRI","Women",0,1980
"IRL","Women",0,1980
"IRQ","Women",0,1980
"ISL","Women",0,1980
"ISR","Women",0,1980
"ISV","Women",0,1980
"ITA","Women",9,1980
"IVB","Women",0,1980
"JAM","Women",7,1980
"JOR","Women",0,1980
"JPN","Women",0,1980
"KAZ","Women",0,1980
"KEN","Women",0,1980
"KGZ","Women",0,1980
"KIR","Women",0,1980
"KOR","Women",0,1980
"KSA","Women",0,1980
"KUW","Women",0,1980
"LAN","Women",0,1980
"LAO","Women",2,1980
"LAT","Women",0,1980
"LBA","Women",0,1980
"LBR","Women",0,1980
"LCA","Women",0,1980
"LES","Women",0,1980
"LIB","Women",0,1980
"LIE","Women",0,1980
"LTU","Women",0,1980
"LUX","Women",0,1980
"MAD","Women",1,1980
"MAR","Women",0,1980
"MAS","Women",0,1980
"MAW","Women",0,1980
"MDA","Women",0,1980
"MDV","Women",0,1980
"MEX","Women",0,1980
"MGL","Women",0,1980
"MHL","Women",0,1980
"MKD","Women",0,1980
"MLI","Women",1,1980
"MLT","Women",0,1980
"MNE","Women",0,1980
"MON","Women",0,1980
"MOZ","Women",2,1980
"MRI","Women",0,1980
"MTN","Women",0,1980
"MYA","Women",0,1980
"NAM","Women",0,1980
"NCA","Women",1,1980
"NED","Women",2,1980
"NEP","Women",0,1980
"NGR","Women",6,1980
"NIG","Women",0,1980
"NOR","Women",0,1980
"NZL","Women",0,1980
"OMA","Women",0,1980
"PAK","Women",0,1980
"PAN","Women",0,1980
"PAR","Women",0,1980
"PER","Women",2,1980
"PHI","Women",0,1980
"PLE","Women",0,1980
"PLW","Women",0,1980
"PNG","Women",0,1980
"POL","Women",17,1980
"POR","Women",0,1980
"PRK","Women",0,1980
"PRY","Women",0,1980
"PUR","Women",0,1980
"QAT","Women",0,1980
"ROU","Women",13,1980
"RSA","Women",0,1980
"RUS","Women",0,1980
"RWA","Women",0,1980
"SAM","Women",0,1980
"SCG","Women",0,1980
"SEN","Women",2,1980
"SEY","Women",2,1980
"SIN","Women",0,1980
"SKN","Women",0,1980
"SLE","Women",2,1980
"SLO","Women",0,1980
"SMR","Women",0,1980
"SOL","Women",0,1980
"SOM","Women",0,1980
"SRB","Women",0,1980
"SRI","Women",0,1980
"SSD","Women",0,1980
"STP","Women",0,1980
"SUD","Women",0,1980
"SUI","Women",2,1980
"SUR","Women",0,1980
"SVK","Women",0,1980
"SWE","Women",6,1980
"SWZ","Women",0,1980
"SYR","Women",2,1980
"TAN","Women",5,1980
"TCH","Women",4,1980
"TGA","Women",0,1980
"THA","Women",0,1980
"TJK","Women",0,1980
"TKM","Women",0,1980
"TLS","Women",0,1980
"TOG","Women",0,1980
"TPE","Women",0,1980
"TTO","Women",0,1980
"TUN","Women",0,1980
"TUR","Women",0,1980
"TUV","Women",0,1980
"UAE","Women",0,1980
"UGA","Women",0,1980
"UKR","Women",0,1980
"URS","Women",35,1980
"URU","Women",0,1980
"USA","Women",0,1980
"UZB","Women",0,1980
"VAN","Women",0,1980
"VEN","Women",0,1980
"VIE","Women",4,1980
"VIN","Women",0,1980
"YAR","Women",0,1980
"YEM","Women",0,1980
"YUG","Women",2,1980
"ZAI","Women",0,1980
"ZAM","Women",0,1980
"ZIM","Women",0,1980
"AFG","Men",0,1984
"AHO","Men",1,1984
"ALB","Men",0,1984
"ALG","Men",9,1984
"AND","Men",0,1984
"ANG","Men",0,1984
"ANT","Men",6,1984
"ARG","Men",4,1984
"ARM","Men",0,1984
"ARU","Men",0,1984
"ASA","Men",0,1984
"AUS","Men",20,1984
"AUT","Men",6,1984
"AZE","Men",0,1984
"BAH","Men",9,1984
"BAN","Men",1,1984
"BAR","Men",7,1984
"BDI","Men",0,1984
"BEL","Men",11,1984
"BEN","Men",0,1984
"BER","Men",3,1984
"BIH","Men",0,1984
"BIR","Men",0,1984
"BIZ","Men",4,1984
"BLR","Men",0,1984
"BOL","Men",2,1984
"BOT","Men",6,1984
"BRA","Men",17,1984
"BRN","Men",1,1984
"BRU","Men",0,1984
"BUL","Men",0,1984
"BUR","Men",0,1984
"CAF","Men",1,1984
"CAM","Men",0,1984
"CAN","Men",32,1984
"CAY","Men",0,1984
"CGO","Men",5,1984
"CHA","Men",3,1984
"CHI","Men",4,1984
"CHN","Men",13,1984
"CIV","Men",5,1984
"CMR","Men",5,1984
"COD","Men",0,1984
"COK","Men",0,1984
"COL","Men",5,1984
"COM","Men",0,1984
"CPV","Men",0,1984
"CRC","Men",3,1984
"CRO","Men",0,1984
"CUB","Men",0,1984
"CUR","Men",0,1984
"CYP","Men",3,1984
"CZE","Men",0,1984
"DEN","Men",2,1984
"DJI","Men",3,1984
"DMA","Men",0,1984
"DOM","Men",2,1984
"ECU","Men",3,1984
"EGY","Men",7,1984
"ERI","Men",0,1984
"ESA","Men",3,1984
"ESP","Men",24,1984
"EST","Men",0,1984
"ETH","Men",0,1984
"EUN","Men",0,1984
"FIJ","Men",3,1984
"FIN","Men",14,1984
"FRA","Men",31,1984
"FRG","Men",35,1984
"FSM","Men",0,1984
"GAB","Men",0,1984
"GAM","Men",6,1984
"GBR","Men",51,1984
"GBS","Men",0,1984
"GDR","Men",0,1984
"GEO","Men",0,1984
"GEQ","Men",4,1984
"GER","Men",0,1984
"GHA","Men",8,1984
"GRE","Men",8,1984
"GRN","Men",1,1984
"GUA","Men",5,1984
"GUI","Men",0,1984
"GUM","Men",0,1984
"GUY","Men",2,1984
"HAI","Men",1,1984
"HKG","Men",1,1984
"HON","Men",2,1984
"HUN","Men",0,1984
"ICP","Men",0,1984
"INA","Men",4,1984
"IND","Men",3,1984
"IOA","Men",0,1984
"IRI","Men",0,1984
"IRL","Men",10,1984
"IRQ","Men",0,1984
"ISL","Men",5,1984
"ISR","Men",4,1984
"ISV","Men",4,1984
"ITA","Men",39,1984
"IVB","Men",4,1984
"JAM","Men",18,1984
"JOR","Men",4,1984
"JPN","Men",16,1984
"KAZ","Men",0,1984
"KEN","Men",27,1984
"KGZ","Men",0,1984
"KIR","Men",0,1984
"KOR","Men",9,1984
"KSA","Men",0,1984
"KUW","Men",2,1984
"LAN","Men",0,1984
"LAO","Men",0,1984
"LAT","Men",0,1984
"LBA","Men",0,1984
"LBR","Men",6,1984
"LCA","Men",0,1984
"LES","Men",2,1984
"LIB","Men",2,1984
"LIE","Men",1,1984
"LTU","Men",0,1984
"LUX","Men",1,1984
"MAD","Men",2,1984
"MAR","Men",2,1984
"MAS","Men",2,1984
"MAW","Men",5,1984
"MDA","Men",0,1984
"MDV","Men",0,1984
"MEX","Men",12,1984
"MGL","Men",0,1984
"MHL","Men",0,1984
"MKD","Men",0,1984
"MLI","Men",2,1984
"MLT","Men",0,1984
"MNE","Men",0,1984
"MON","Men",0,1984
"MOZ","Men",6,1984
"MRI","Men",3,1984
"MTN","Men",0,1984
"MYA","Men",0,1984
"NAM","Men",0,1984
"NCA","Men",0,1984
"NED","Men",6,1984
"NEP","Men",5,1984
"NGR","Men",15,1984
"NIG","Men",2,1984
"NOR","Men",9,1984
"NZL","Men",9,1984
"OMA","Men",7,1984
"PAK","Men",3,1984
"PAN","Men",2,1984
"PAR","Men",5,1984
"PER","Men",1,1984
"PHI","Men",3,1984
"PLE","Men",0,1984
"PLW","Men",0,1984
"PNG","Men",2,1984
"POL","Men",0,1984
"POR","Men",9,1984
"PRK","Men",0,1984
"PRY","Men",0,1984
"PUR","Men",7,1984
"QAT","Men",6,1984
"ROU","Men",0,1984
"RSA","Men",0,1984
"RUS","Men",0,1984
"RWA","Men",2,1984
"SAM","Men",2,1984
"SCG","Men",0,1984
"SEN","Men",10,1984
"SEY","Men",4,1984
"SIN","Men",0,1984
"SKN","Men",0,1984
"SLE","Men",4,1984
"SLO","Men",0,1984
"SMR","Men",2,1984
"SOL","Men",2,1984
"SOM","Men",7,1984
"SRB","Men",0,1984
"SRI","Men",0,1984
"SSD","Men",0,1984
"STP","Men",0,1984
"SUD","Men",3,1984
"SUI","Men",13,1984
"SUR","Men",2,1984
"SVK","Men",0,1984
"SWE","Men",18,1984
"SWZ","Men",3,1984
"SYR","Men",0,1984
"TAN","Men",10,1984
"TCH","Men",0,1984
"TGA","Men",0,1984
"THA","Men",4,1984
"TJK","Men",0,1984
"TKM","Men",0,1984
"TLS","Men",0,1984
"TOG","Men",3,1984
"TPE","Men",6,1984
"TTO","Men",6,1984
"TUN","Men",2,1984
"TUR","Men",4,1984
"TUV","Men",0,1984
"UAE","Men",7,1984
"UGA","Men",8,1984
"UKR","Men",0,1984
"URS","Men",0,1984
"URU","Men",0,1984
"USA","Men",66,1984
"UZB","Men",0,1984
"VAN","Men",0,1984
"VEN","Men",3,1984
"VIE","Men",0,1984
"VIN","Men",0,1984
"YAR","Men",2,1984
"YEM","Men",0,1984
"YUG","Men",4,1984
"ZAI","Men",1,1984
"ZAM","Men",4,1984
"ZIM","Men",5,1984
"AFG","Women",0,1984
"AHO","Women",2,1984
"ALB","Women",0,1984
"ALG","Women",0,1984
"AND","Women",0,1984
"ANG","Women",0,1984
"ANT","Women",4,1984
"ARG","Women",3,1984
"ARM","Women",0,1984
"ARU","Women",0,1984
"ASA","Women",0,1984
"AUS","Women",10,1984
"AUT","Women",0,1984
"AZE","Women",0,1984
"BAH","Women",5,1984
"BAN","Women",0,1984
"BAR","Women",2,1984
"BDI","Women",0,1984
"BEL","Women",4,1984
"BEN","Women",0,1984
"BER","Women",1,1984
"BIH","Women",0,1984
"BIR","Women",0,1984
"BIZ","Women",0,1984
"BLR","Women",0,1984
"BOL","Women",1,1984
"BOT","Women",0,1984
"BRA","Women",3,1984
"BRN","Women",0,1984
"BRU","Women",0,1984
"BUL","Women",0,1984
"BUR","Women",0,1984
"CAF","Women",0,1984
"CAM","Women",0,1984
"CAN","Women",29,1984
"CAY","Women",0,1984
"CGO","Women",1,1984
"CHA","Women",0,1984
"CHI","Women",2,1984
"CHN","Women",9,1984
"CIV","Women",1,1984
"CMR","Women",4,1984
"COD","Women",0,1984
"COK","Women",0,1984
"COL","Women",0,1984
"COM","Women",0,1984
"CPV","Women",0,1984
"CRC","Women",0,1984
"CRO","Women",0,1984
"CUB","Women",0,1984
"CUR","Women",0,1984
"CYP","Women",0,1984
"CZE","Women",0,1984
"DEN","Women",1,1984
"DJI","Women",0,1984
"DMA","Women",0,1984
"DOM","Women",2,1984
"ECU","Women",0,1984
"EGY","Women",0,1984
"ERI","Women",0,1984
"ESA","Women",1,1984
"ESP","Women",2,1984
"EST","Women",0,1984
"ETH","Women",0,1984
"EUN","Women",0,1984
"FIJ","Women",1,1984
"FIN","Women",8,1984
"FRA","Women",12,1984
"FRG","Women",23,1984
"FSM","Women",0,1984
"GAB","Women",2,1984
"GAM","Women",4,1984
"GBR","Women",34,1984
"GBS","Women",0,1984
"GDR","Women",0,1984
"GEO","Women",0,1984
"GEQ","Women",0,1984
"GER","Women",0,1984
"GHA","Women",7,1984
"GRE","Women",2,1984
"GRN","Women",1,1984
"GUA","Women",2,1984
"GUI","Women",0,1984
"GUM","Women",0,1984
"GUY","Women",2,1984
"HAI","Women",0,1984
"HKG","Women",2,1984
"HON","Women",1,1984
"HUN","Women",0,1984
"ICP","Women",0,1984
"INA","Women",1,1984
"IND","Women",5,1984
"IOA","Women",0,1984
"IRI","Women",0,1984
"IRL","Women",7,1984
"IRQ","Women",0,1984
"ISL","Women",2,1984
"ISR","Women",2,1984
"ISV","Women",0,1984
"ITA","Women",12,1984
"IVB","Women",0,1984
"JAM","Women",14,1984
"JOR","Women",1,1984
"JPN","Women",6,1984
"KAZ","Women",0,1984
"KEN","Women",5,1984
"KGZ","Women",0,1984
"KIR","Women",0,1984
"KOR","Women",2,1984
"KSA","Women",0,1984
"KUW","Women",0,1984
"LAN","Women",0,1984
"LAO","Women",0,1984
"LAT","Women",0,1984
"LBA","Women",0,1984
"LBR","Women",1,1984
"LCA","Women",0,1984
"LES","Women",0,1984
"LIB","Women",1,1984
"LIE","Women",2,1984
"LTU","Women",0,1984
"LUX","Women",0,1984
"MAD","Women",0,1984
"MAR","Women",1,1984
"MAS","Women",0,1984
"MAW","Women",0,1984
"MDA","Women",0,1984
"MDV","Women",0,1984
"MEX","Women",4,1984
"MGL","Women",0,1984
"MHL","Women",0,1984
"MKD","Women",0,1984
"MLI","Women",0,1984
"MLT","Women",1,1984
"MNE","Women",0,1984
"MON","Women",0,1984
"MOZ","Women",1,1984
"MRI","Women",1,1984
"MTN","Women",0,1984
"MYA","Women",0,1984
"NAM","Women",0,1984
"NCA","Women",0,1984
"NED","Women",7,1984
"NEP","Women",0,1984
"NGR","Women",2,1984
"NIG","Women",0,1984
"NOR","Women",4,1984
"NZL","Women",5,1984
"OMA","Women",0,1984
"PAK","Women",0,1984
"PAN","Women",0,1984
"PAR","Women",0,1984
"PER","Women",1,1984
"PHI","Women",3,1984
"PLE","Women",0,1984
"PLW","Women",0,1984
"PNG","Women",3,1984
"POL","Women",0,1984
"POR","Women",5,1984
"PRK","Women",0,1984
"PRY","Women",0,1984
"PUR","Women",7,1984
"QAT","Women",0,1984
"ROU","Women",9,1984
"RSA","Women",0,1984
"RUS","Women",0,1984
"RWA","Women",1,1984
"SAM","Women",0,1984
"SCG","Women",0,1984
"SEN","Women",1,1984
"SEY","Women",1,1984
"SIN","Women",0,1984
"SKN","Women",0,1984
"SLE","Women",1,1984
"SLO","Women",0,1984
"SMR","Women",0,1984
"SOL","Women",0,1984
"SOM","Women",0,1984
"SRB","Women",0,1984
"SRI","Women",0,1984
"SSD","Women",0,1984
"STP","Women",0,1984
"SUD","Women",0,1984
"SUI","Women",4,1984
"SUR","Women",0,1984
"SVK","Women",0,1984
"SWE","Women",6,1984
"SWZ","Women",0,1984
"SYR","Women",0,1984
"TAN","Women",2,1984
"TCH","Women",0,1984
"TGA","Women",0,1984
"THA","Women",6,1984
"TJK","Women",0,1984
"TKM","Women",0,1984
"TLS","Women",0,1984
"TOG","Women",0,1984
"TPE","Women",4,1984
"TTO","Women",5,1984
"TUN","Women",0,1984
"TUR","Women",1,1984
"TUV","Women",0,1984
"UAE","Women",0,1984
"UGA","Women",2,1984
"UKR","Women",0,1984
"URS","Women",0,1984
"URU","Women",0,1984
"USA","Women",44,1984
"UZB","Women",0,1984
"VAN","Women",0,1984
"VEN","Women",0,1984
"VIE","Women",0,1984
"VIN","Women",0,1984
"YAR","Women",0,1984
"YEM","Women",0,1984
"YUG","Women",2,1984
"ZAI","Women",1,1984
"ZAM","Women",0,1984
"ZIM","Women",1,1984
"AFG","Men",0,1988
"AHO","Men",0,1988
"ALB","Men",0,1988
"ALG","Men",11,1988
"AND","Men",1,1988
"ANG","Men",5,1988
"ANT","Men",7,1988
"ARG","Men",2,1988
"ARM","Men",0,1988
"ARU","Men",0,1988
"ASA","Men",1,1988
"AUS","Men",16,1988
"AUT","Men",9,1988
"AZE","Men",0,1988
"BAH","Men",8,1988
"BAN","Men",4,1988
"BAR","Men",5,1988
"BDI","Men",0,1988
"BEL","Men",7,1988
"BEN","Men",5,1988
"BER","Men",5,1988
"BIH","Men",0,1988
"BIR","Men",0,1988
"BIZ","Men",5,1988
"BLR","Men",0,1988
"BOL","Men",2,1988
"BOT","Men",6,1988
"BRA","Men",14,1988
"BRN","Men",3,1988
"BRU","Men",0,1988
"BUL","Men",10,1988
"BUR","Men",3,1988
"CAF","Men",1,1988
"CAM","Men",0,1988
"CAN","Men",38,1988
"CAY","Men",1,1988
"CGO","Men",5,1988
"CHA","Men",6,1988
"CHI","Men",5,1988
"CHN","Men",16,1988
"CIV","Men",6,1988
"CMR","Men",3,1988
"COD","Men",0,1988
"COK","Men",1,1988
"COL","Men",3,1988
"COM","Men",0,1988
"CPV","Men",0,1988
"CRC","Men",3,1988
"CRO","Men",0,1988
"CUB","Men",0,1988
"CUR","Men",0,1988
"CYP","Men",2,1988
"CZE","Men",0,1988
"DEN","Men",4,1988
"DJI","Men",5,1988
"DMA","Men",0,1988
"DOM","Men",3,1988
"ECU","Men",3,1988
"EGY","Men",4,1988
"ERI","Men",0,1988
"ESA","Men",1,1988
"ESP","Men",27,1988
"EST","Men",0,1988
"ETH","Men",0,1988
"EUN","Men",0,1988
"FIJ","Men",7,1988
"FIN","Men",11,1988
"FRA","Men",33,1988
"FRG","Men",25,1988
"FSM","Men",0,1988
"GAB","Men",0,1988
"GAM","Men",2,1988
"GBR","Men",57,1988
"GBS","Men",0,1988
"GDR","Men",25,1988
"GEO","Men",0,1988
"GEQ","Men",4,1988
"GER","Men",0,1988
"GHA","Men",6,1988
"GRE","Men",0,1988
"GRN","Men",0,1988
"GUA","Men",0,1988
"GUI","Men",2,1988
"GUM","Men",3,1988
"GUY","Men",2,1988
"HAI","Men",2,1988
"HKG","Men",1,1988
"HON","Men",3,1988
"HUN","Men",12,1988
"ICP","Men",0,1988
"INA","Men",5,1988
"IND","Men",0,1988
"IOA","Men",0,1988
"IRI","Men",1,1988
"IRL","Men",14,1988
"IRQ","Men",2,1988
"ISL","Men",5,1988
"ISR","Men",0,1988
"ISV","Men",6,1988
"ITA","Men",27,1988
"IVB","Men",2,1988
"JAM","Men",15,1988
"JOR","Men",0,1988
"JPN","Men",23,1988
"KAZ","Men",0,1988
"KEN","Men",29,1988
"KGZ","Men",0,1988
"KIR","Men",0,1988
"KOR","Men",27,1988
"KSA","Men",6,1988
"KUW","Men",6,1988
"LAN","Men",0,1988
"LAO","Men",0,1988
"LAT","Men",0,1988
"LBA","Men",2,1988
"LBR","Men",3,1988
"LCA","Men",0,1988
"LES","Men",3,1988
"LIB","Men",2,1988
"LIE","Men",1,1988
"LTU","Men",0,1988
"LUX","Men",2,1988
"MAD","Men",0,1988
"MAR","Men",8,1988
"MAS","Men",1,1988
"MAW","Men",5,1988
"MDA","Men",0,1988
"MDV","Men",7,1988
"MEX","Men",18,1988
"MGL","Men",0,1988
"MHL","Men",0,1988
"MKD","Men",0,1988
"MLI","Men",2,1988
"MLT","Men",0,1988
"MNE","Men",0,1988
"MON","Men",1,1988
"MOZ","Men",2,1988
"MRI","Men",1,1988
"MTN","Men",2,1988
"MYA","Men",0,1988
"NAM","Men",0,1988
"NCA","Men",0,1988
"NED","Men",9,1988
"NEP","Men",5,1988
"NGR","Men",17,1988
"NIG","Men",3,1988
"NOR","Men",7,1988
"NZL","Men",2,1988
"OMA","Men",5,1988
"PAK","Men",7,1988
"PAN","Men",0,1988
"PAR","Men",3,1988
"PER","Men",1,1988
"PHI","Men",1,1988
"PLE","Men",0,1988
"PLW","Men",0,1988
"PNG","Men",4,1988
"POL","Men",12,1988
"POR","Men",23,1988
"PRK","Men",0,1988
"PRY","Men",3,1988
"PUR","Men",4,1988
"QAT","Men",8,1988
"ROU","Men",1,1988
"RSA","Men",0,1988
"RUS","Men",0,1988
"RWA","Men",3,1988
"SAM","Men",1,1988
"SCG","Men",0,1988
"SEN","Men",11,1988
"SEY","Men",0,1988
"SIN","Men",0,1988
"SKN","Men",0,1988
"SLE","Men",7,1988
"SLO","Men",0,1988
"SMR","Men",2,1988
"SOL","Men",1,1988
"SOM","Men",5,1988
"SRB","Men",0,1988
"SRI","Men",1,1988
"SSD","Men",0,1988
"STP","Men",0,1988
"SUD","Men",3,1988
"SUI","Men",10,1988
"SUR","Men",1,1988
"SVK","Men",0,1988
"SWE","Men",10,1988
"SWZ","Men",5,1988
"SYR","Men",1,1988
"TAN","Men",6,1988
"TCH","Men",20,1988
"TGA","Men",1,1988
"THA","Men",4,1988
"TJK","Men",0,1988
"TKM","Men",0,1988
"TLS","Men",0,1988
"TOG","Men",3,1988
"TPE","Men",6,1988
"TTO","Men",2,1988
"TUN","Men",2,1988
"TUR","Men",3,1988
"TUV","Men",0,1988
"UAE","Men",0,1988
"UGA","Men",9,1988
"UKR","Men",0,1988
"URS","Men",39,1988
"URU","Men",0,1988
"USA","Men",69,1988
"UZB","Men",0,1988
"VAN","Men",2,1988
"VEN","Men",0,1988
"VIE","Men",2,1988
"VIN","Men",5,1988
"YAR","Men",4,1988
"YEM","Men",0,1988
"YUG","Men",8,1988
"ZAI","Men",4,1988
"ZAM","Men",4,1988
"ZIM","Men",5,1988
"AFG","Women",0,1988
"AHO","Women",0,1988
"ALB","Women",0,1988
"ALG","Women",1,1988
"AND","Women",0,1988
"ANG","Women",1,1988
"ANT","Women",3,1988
"ARG","Women",0,1988
"ARM","Women",0,1988
"ARU","Women",2,1988
"ASA","Women",0,1988
"AUS","Women",12,1988
"AUT","Women",1,1988
"AZE","Women",0,1988
"BAH","Women",3,1988
"BAN","Women",0,1988
"BAR","Women",1,1988
"BDI","Women",0,1988
"BEL","Women",6,1988
"BEN","Women",1,1988
"BER","Women",0,1988
"BIH","Women",0,1988
"BIR","Women",2,1988
"BIZ","Women",0,1988
"BLR","Women",0,1988
"BOL","Women",0,1988
"BOT","Women",0,1988
"BRA","Women",6,1988
"BRN","Women",0,1988
"BRU","Women",0,1988
"BUL","Women",12,1988
"BUR","Women",1,1988
"CAF","Women",0,1988
"CAM","Women",0,1988
"CAN","Women",25,1988
"CAY","Women",1,1988
"CGO","Women",2,1988
"CHA","Women",0,1988
"CHI","Women",0,1988
"CHN","Women",28,1988
"CIV","Women",3,1988
"CMR","Women",2,1988
"COD","Women",0,1988
"COK","Women",1,1988
"COL","Women",5,1988
"COM","Women",0,1988
"CPV","Women",0,1988
"CRC","Women",1,1988
"CRO","Women",0,1988
"CUB","Women",0,1988
"CUR","Women",0,1988
"CYP","Women",2,1988
"CZE","Women",0,1988
"DEN","Women",1,1988
"DJI","Women",0,1988
"DMA","Women",0,1988
"DOM","Women",0,1988
"ECU","Women",2,1988
"EGY","Women",0,1988
"ERI","Women",0,1988
"ESA","Women",1,1988
"ESP","Women",7,1988
"EST","Women",0,1988
"ETH","Women",0,1988
"EUN","Women",0,1988
"FIJ","Women",1,1988
"FIN","Women",7,1988
"FRA","Women",22,1988
"FRG","Women",22,1988
"FSM","Women",0,1988
"GAB","Women",1,1988
"GAM","Women",1,1988
"GBR","Women",45,1988
"GBS","Women",0,1988
"GDR","Women",33,1988
"GEO","Women",0,1988
"GEQ","Women",2,1988
"GER","Women",0,1988
"GHA","Women",5,1988
"GRE","Women",6,1988
"GRN","Women",2,1988
"GUA","Women",1,1988
"GUI","Women",0,1988
"GUM","Women",3,1988
"GUY","Women",1,1988
"HAI","Women",1,1988
"HKG","Women",2,1988
"HON","Women",0,1988
"HUN","Women",3,1988
"ICP","Women",0,1988
"INA","Women",0,1988
"IND","Women",5,1988
"IOA","Women",0,1988
"IRI","Women",0,1988
"IRL","Women",4,1988
"IRQ","Women",0,1988
"ISL","Women",2,1988
"ISR","Women",0,1988
"ISV","Women",1,1988
"ITA","Women",11,1988
"IVB","Women",0,1988
"JAM","Women",11,1988
"JOR","Women",0,1988
"JPN","Women",6,1988
"KAZ","Women",0,1988
"KEN","Women",4,1988
"KGZ","Women",0,1988
"KIR","Women",0,1988
"KOR","Women",20,1988
"KSA","Women",0,1988
"KUW","Women",0,1988
"LAN","Women",0,1988
"LAO","Women",1,1988
"LAT","Women",0,1988
"LBA","Women",0,1988
"LBR","Women",1,1988
"LCA","Women",0,1988
"LES","Women",0,1988
"LIB","Women",1,1988
"LIE","Women",2,1988
"LTU","Women",0,1988
"LUX","Women",1,1988
"MAD","Women",0,1988
"MAR","Women",3,1988
"MAS","Women",1,1988
"MAW","Women",0,1988
"MDA","Women",0,1988
"MDV","Women",0,1988
"MEX","Women",3,1988
"MGL","Women",0,1988
"MHL","Women",0,1988
"MKD","Women",0,1988
"MLI","Women",1,1988
"MLT","Women",0,1988
"MNE","Women",0,1988
"MON","Women",0,1988
"MOZ","Women",1,1988
"MRI","Women",2,1988
"MTN","Women",0,1988
"MYA","Women",0,1988
"NAM","Women",0,1988
"NCA","Women",0,1988
"NED","Women",9,1988
"NEP","Women",2,1988
"NGR","Women",6,1988
"NIG","Women",0,1988
"NOR","Women",5,1988
"NZL","Women",4,1988
"OMA","Women",0,1988
"PAK","Women",0,1988
"PAN","Women",0,1988
"PAR","Women",0,1988
"PER","Women",0,1988
"PHI","Women",3,1988
"PLE","Women",0,1988
"PLW","Women",0,1988
"PNG","Women",2,1988
"POL","Women",9,1988
"POR","Women",5,1988
"PRK","Women",0,1988
"PRY","Women",0,1988
"PUR","Women",1,1988
"QAT","Women",0,1988
"ROU","Women",4,1988
"RSA","Women",0,1988
"RUS","Women",0,1988
"RWA","Women",3,1988
"SAM","Women",0,1988
"SCG","Women",0,1988
"SEN","Women",1,1988
"SEY","Women",0,1988
"SIN","Women",0,1988
"SKN","Women",0,1988
"SLE","Women",1,1988
"SLO","Women",0,1988
"SMR","Women",0,1988
"SOL","Women",0,1988
"SOM","Women",0,1988
"SRB","Women",0,1988
"SRI","Women",1,1988
"SSD","Women",0,1988
"STP","Women",0,1988
"SUD","Women",0,1988
"SUI","Women",9,1988
"SUR","Women",2,1988
"SVK","Women",0,1988
"SWE","Women",1,1988
"SWZ","Women",0,1988
"SYR","Women",0,1988
"TAN","Women",0,1988
"TCH","Women",3,1988
"TGA","Women",1,1988
"THA","Women",0,1988
"TJK","Women",0,1988
"TKM","Women",0,1988
"TLS","Women",0,1988
"TOG","Women",0,1988
"TPE","Women",6,1988
"TTO","Women",1,1988
"TUN","Women",0,1988
"TUR","Women",1,1988
"TUV","Women",0,1988
"UAE","Women",0,1988
"UGA","Women",4,1988
"UKR","Women",0,1988
"URS","Women",44,1988
"URU","Women",1,1988
"USA","Women",45,1988
"UZB","Women",0,1988
"VAN","Women",1,1988
"VEN","Women",0,1988
"VIE","Women",0,1988
"VIN","Women",1,1988
"YAR","Women",0,1988
"YEM","Women",0,1988
"YUG","Women",2,1988
"ZAI","Women",2,1988
"ZAM","Women",0,1988
"ZIM","Women",2,1988
"AFG","Men",0,1992
"AHO","Men",1,1992
"ALB","Men",0,1992
"ALG","Men",8,1992
"AND","Men",0,1992
"ANG","Men",4,1992
"ANT","Men",3,1992
"ARG","Men",3,1992
"ARM","Men",0,1992
"ARU","Men",1,1992
"ASA","Men",0,1992
"AUS","Men",16,1992
"AUT","Men",11,1992
"AZE","Men",0,1992
"BAH","Men",6,1992
"BAN","Men",4,1992
"BAR","Men",7,1992
"BDI","Men",0,1992
"BEL","Men",4,1992
"BEN","Men",2,1992
"BER","Men",3,1992
"BIH","Men",2,1992
"BIR","Men",0,1992
"BIZ","Men",5,1992
"BLR","Men",0,1992
"BOL","Men",2,1992
"BOT","Men",5,1992
"BRA","Men",21,1992
"BRN","Men",6,1992
"BRU","Men",0,1992
"BUL","Men",11,1992
"BUR","Men",3,1992
"CAF","Men",7,1992
"CAM","Men",0,1992
"CAN","Men",27,1992
"CAY","Men",1,1992
"CGO","Men",5,1992
"CHA","Men",3,1992
"CHI","Men",3,1992
"CHN","Men",11,1992
"CIV","Men",4,1992
"CMR","Men",2,1992
"COD","Men",0,1992
"COK","Men",1,1992
"COL","Men",3,1992
"COM","Men",0,1992
"CPV","Men",0,1992
"CRC","Men",6,1992
"CRO","Men",2,1992
"CUB","Men",17,1992
"CUR","Men",0,1992
"CYP","Men",3,1992
"CZE","Men",0,1992
"DEN","Men",0,1992
"DJI","Men",5,1992
"DMA","Men",0,1992
"DOM","Men",0,1992
"ECU","Men",3,1992
"EGY","Men",0,1992
"ERI","Men",0,1992
"ESA","Men",2,1992
"ESP","Men",44,1992
"EST","Men",4,1992
"ETH","Men",9,1992
"EUN","Men",50,1992
"FIJ","Men",6,1992
"FIN","Men",13,1992
"FRA","Men",38,1992
"FRG","Men",0,1992
"FSM","Men",0,1992
"GAB","Men",2,1992
"GAM","Men",5,1992
"GBR","Men",52,1992
"GBS","Men",0,1992
"GDR","Men",0,1992
"GEO","Men",0,1992
"GEQ","Men",5,1992
"GER","Men",39,1992
"GHA","Men",8,1992
"GRE","Men",7,1992
"GRN","Men",3,1992
"GUA","Men",0,1992
"GUI","Men",3,1992
"GUM","Men",1,1992
"GUY","Men",2,1992
"HAI","Men",2,1992
"HKG","Men",2,1992
"HON","Men",4,1992
"HUN","Men",13,1992
"ICP","Men",6,1992
"INA","Men",0,1992
"IND","Men",1,1992
"IOA","Men",0,1992
"IRI","Men",2,1992
"IRL","Men",16,1992
"IRQ","Men",0,1992
"ISL","Men",4,1992
"ISR","Men",4,1992
"ISV","Men",7,1992
"ITA","Men",25,1992
"IVB","Men",1,1992
"JAM","Men",14,1992
"JOR","Men",2,1992
"JPN","Men",22,1992
"KAZ","Men",0,1992
"KEN","Men",29,1992
"KGZ","Men",0,1992
"KIR","Men",0,1992
"KOR","Men",9,1992
"KSA","Men",2,1992
"KUW","Men",4,1992
"LAN","Men",0,1992
"LAO","Men",5,1992
"LAT","Men",4,1992
"LBA","Men",1,1992
"LBR","Men",0,1992
"LCA","Men",0,1992
"LES","Men",5,1992
"LIB","Men",1,1992
"LIE","Men",1,1992
"LTU","Men",4,1992
"LUX","Men",0,1992
"MAD","Men",3,1992
"MAR","Men",12,1992
"MAS","Men",1,1992
"MAW","Men",3,1992
"MDA","Men",0,1992
"MDV","Men",4,1992
"MEX","Men",18,1992
"MGL","Men",1,1992
"MHL","Men",0,1992
"MKD","Men",0,1992
"MLI","Men",1,1992
"MLT","Men",0,1992
"MNE","Men",0,1992
"MON","Men",0,1992
"MOZ","Men",1,1992
"MRI","Men",3,1992
"MTN","Men",6,1992
"MYA","Men",1,1992
"NAM","Men",3,1992
"NCA","Men",1,1992
"NED","Men",7,1992
"NEP","Men",1,1992
"NGR","Men",10,1992
"NIG","Men",3,1992
"NOR","Men",6,1992
"NZL","Men",7,1992
"OMA","Men",4,1992
"PAK","Men",4,1992
"PAN","Men",1,1992
"PAR","Men",2,1992
"PER","Men",1,1992
"PHI","Men",3,1992
"PLE","Men",0,1992
"PLW","Men",0,1992
"PNG","Men",5,1992
"POL","Men",10,1992
"POR","Men",22,1992
"PRK","Men",1,1992
"PRY","Men",0,1992
"PUR","Men",6,1992
"QAT","Men",11,1992
"ROU","Men",7,1992
"RSA","Men",8,1992
"RUS","Men",0,1992
"RWA","Men",4,1992
"SAM","Men",0,1992
"SCG","Men",0,1992
"SEN","Men",7,1992
"SEY","Men",4,1992
"SIN","Men",0,1992
"SKN","Men",0,1992
"SLE","Men",9,1992
"SLO","Men",2,1992
"SMR","Men",5,1992
"SOL","Men",0,1992
"SOM","Men",0,1992
"SRB","Men",0,1992
"SRI","Men",2,1992
"SSD","Men",0,1992
"STP","Men",0,1992
"SUD","Men",3,1992
"SUI","Men",8,1992
"SUR","Men",1,1992
"SVK","Men",0,1992
"SWE","Men",15,1992
"SWZ","Men",5,1992
"SYR","Men",2,1992
"TAN","Men",4,1992
"TCH","Men",14,1992
"TGA","Men",4,1992
"THA","Men",9,1992
"TJK","Men",0,1992
"TKM","Men",0,1992
"TLS","Men",0,1992
"TOG","Men",4,1992
"TPE","Men",0,1992
"TTO","Men",5,1992
"TUN","Men",1,1992
"TUR","Men",2,1992
"TUV","Men",0,1992
"UAE","Men",4,1992
"UGA","Men",3,1992
"UKR","Men",0,1992
"URS","Men",0,1992
"URU","Men",2,1992
"USA","Men",68,1992
"UZB","Men",0,1992
"VAN","Men",4,1992
"VEN","Men",0,1992
"VIE","Men",1,1992
"VIN","Men",4,1992
"YAR","Men",0,1992
"YEM","Men",3,1992
"YUG","Men",0,1992
"ZAI","Men",5,1992
"ZAM","Men",3,1992
"ZIM","Men",6,1992
"AFG","Women",0,1992
"AHO","Women",0,1992
"ALB","Women",1,1992
"ALG","Women",1,1992
"AND","Women",1,1992
"ANG","Women",1,1992
"ANT","Women",2,1992
"ARG","Women",1,1992
"ARM","Women",0,1992
"ARU","Women",1,1992
"ASA","Women",0,1992
"AUS","Women",19,1992
"AUT","Women",5,1992
"AZE","Women",0,1992
"BAH","Women",2,1992
"BAN","Women",0,1992
"BAR","Women",1,1992
"BDI","Women",0,1992
"BEL","Women",3,1992
"BEN","Women",2,1992
"BER","Women",1,1992
"BIH","Women",2,1992
"BIR","Women",0,1992
"BIZ","Women",0,1992
"BLR","Women",0,1992
"BOL","Women",4,1992
"BOT","Women",0,1992
"BRA","Women",3,1992
"BRN","Women",0,1992
"BRU","Women",0,1992
"BUL","Women",10,1992
"BUR","Women",0,1992
"CAF","Women",1,1992
"CAM","Women",0,1992
"CAN","Women",21,1992
"CAY","Women",0,1992
"CGO","Women",1,1992
"CHA","Women",1,1992
"CHI","Women",0,1992
"CHN","Women",22,1992
"CIV","Women",5,1992
"CMR","Women",5,1992
"COD","Women",0,1992
"COK","Women",0,1992
"COL","Women",2,1992
"COM","Women",0,1992
"CPV","Women",0,1992
"CRC","Women",2,1992
"CRO","Women",0,1992
"CUB","Women",17,1992
"CUR","Women",0,1992
"CYP","Women",2,1992
"CZE","Women",0,1992
"DEN","Women",3,1992
"DJI","Women",0,1992
"DMA","Women",0,1992
"DOM","Women",0,1992
"ECU","Women",4,1992
"EGY","Women",0,1992
"ERI","Women",0,1992
"ESA","Women",0,1992
"ESP","Women",15,1992
"EST","Women",1,1992
"ETH","Women",6,1992
"EUN","Women",49,1992
"FIJ","Women",1,1992
"FIN","Women",13,1992
"FRA","Women",19,1992
"FRG","Women",0,1992
"FSM","Women",0,1992
"GAB","Women",0,1992
"GAM","Women",0,1992
"GBR","Women",39,1992
"GBS","Women",0,1992
"GDR","Women",0,1992
"GEO","Women",0,1992
"GEQ","Women",2,1992
"GER","Women",40,1992
"GHA","Women",0,1992
"GRE","Women",4,1992
"GRN","Women",1,1992
"GUA","Women",0,1992
"GUI","Women",2,1992
"GUM","Women",1,1992
"GUY","Women",1,1992
"HAI","Women",0,1992
"HKG","Women",1,1992
"HON","Women",0,1992
"HUN","Women",11,1992
"ICP","Women",3,1992
"INA","Women",0,1992
"IND","Women",1,1992
"IOA","Women",0,1992
"IRI","Women",0,1992
"IRL","Women",3,1992
"IRQ","Women",0,1992
"ISL","Women",0,1992
"ISR","Women",0,1992
"ISV","Women",3,1992
"ITA","Women",14,1992
"IVB","Women",0,1992
"JAM","Women",14,1992
"JOR","Women",0,1992
"JPN","Women",9,1992
"KAZ","Women",0,1992
"KEN","Women",9,1992
"KGZ","Women",0,1992
"KIR","Women",0,1992
"KOR","Women",2,1992
"KSA","Women",0,1992
"KUW","Women",0,1992
"LAN","Women",0,1992
"LAO","Women",0,1992
"LAT","Women",3,1992
"LBA","Women",0,1992
"LBR","Women",0,1992
"LCA","Women",0,1992
"LES","Women",1,1992
"LIB","Women",0,1992
"LIE","Women",1,1992
"LTU","Women",4,1992
"LUX","Women",0,1992
"MAD","Women",2,1992
"MAR","Women",1,1992
"MAS","Women",0,1992
"MAW","Women",1,1992
"MDA","Women",0,1992
"MDV","Women",1,1992
"MEX","Women",6,1992
"MGL","Women",0,1992
"MHL","Women",0,1992
"MKD","Women",0,1992
"MLI","Women",2,1992
"MLT","Women",2,1992
"MNE","Women",0,1992
"MON","Women",0,1992
"MOZ","Women",2,1992
"MRI","Women",0,1992
"MTN","Women",0,1992
"MYA","Women",2,1992
"NAM","Women",0,1992
"NCA","Women",0,1992
"NED","Women",8,1992
"NEP","Women",0,1992
"NGR","Women",4,1992
"NIG","Women",0,1992
"NOR","Women",3,1992
"NZL","Women",6,1992
"OMA","Women",0,1992
"PAK","Women",0,1992
"PAN","Women",0,1992
"PAR","Women",1,1992
"PER","Women",1,1992
"PHI","Women",0,1992
"PLE","Women",0,1992
"PLW","Women",0,1992
"PNG","Women",1,1992
"POL","Women",14,1992
"POR","Women",14,1992
"PRK","Women",2,1992
"PRY","Women",0,1992
"PUR","Women",1,1992
"QAT","Women",0,1992
"ROU","Women",18,1992
"RSA","Women",8,1992
"RUS","Women",0,1992
"RWA","Women",3,1992
"SAM","Women",0,1992
"SCG","Women",0,1992
"SEN","Women",2,1992
"SEY","Women",0,1992
"SIN","Women",0,1992
"SKN","Women",0,1992
"SLE","Women",2,1992
"SLO","Women",2,1992
"SMR","Women",0,1992
"SOL","Women",0,1992
"SOM","Women",0,1992
"SRB","Women",0,1992
"SRI","Women",5,1992
"SSD","Women",0,1992
"STP","Women",0,1992
"SUD","Women",0,1992
"SUI","Women",7,1992
"SUR","Women",1,1992
"SVK","Women",0,1992
"SWE","Women",4,1992
"SWZ","Women",0,1992
"SYR","Women",1,1992
"TAN","Women",0,1992
"TCH","Women",4,1992
"TGA","Women",0,1992
"THA","Women",9,1992
"TJK","Women",0,1992
"TKM","Women",0,1992
"TLS","Women",0,1992
"TOG","Women",0,1992
"TPE","Women",2,1992
"TTO","Women",0,1992
"TUN","Women",0,1992
"TUR","Women",0,1992
"TUV","Women",0,1992
"UAE","Women",0,1992
"UGA","Women",1,1992
"UKR","Women",0,1992
"URS","Women",0,1992
"URU","Women",0,1992
"USA","Women",49,1992
"UZB","Women",0,1992
"VAN","Women",2,1992
"VEN","Women",0,1992
"VIE","Women",3,1992
"VIN","Women",2,1992
"YAR","Women",0,1992
"YEM","Women",0,1992
"YUG","Women",0,1992
"ZAI","Women",2,1992
"ZAM","Women",1,1992
"ZIM","Women",1,1992
"AFG","Men",2,1996
"AHO","Men",1,1996
"ALB","Men",0,1996
"ALG","Men",6,1996
"AND","Men",1,1996
"ANG","Men",1,1996
"ANT","Men",4,1996
"ARG","Men",4,1996
"ARM","Men",2,1996
"ARU","Men",1,1996
"ASA","Men",1,1996
"AUS","Men",33,1996
"AUT","Men",9,1996
"AZE","Men",3,1996
"BAH","Men",13,1996
"BAN","Men",1,1996
"BAR","Men",3,1996
"BDI","Men",6,1996
"BEL","Men",10,1996
"BEN","Men",4,1996
"BER","Men",3,1996
"BIH","Men",1,1996
"BIR","Men",0,1996
"BIZ","Men",2,1996
"BLR","Men",14,1996
"BOL","Men",2,1996
"BOT","Men",6,1996
"BRA","Men",31,1996
"BRN","Men",1,1996
"BRU","Men",0,1996
"BUL","Men",6,1996
"BUR","Men",2,1996
"CAF","Men",3,1996
"CAM","Men",1,1996
"CAN","Men",22,1996
"CAY","Men",0,1996
"CGO","Men",1,1996
"CHA","Men",3,1996
"CHI","Men",3,1996
"CHN","Men",14,1996
"CIV","Men",5,1996
"CMR","Men",4,1996
"COD","Men",0,1996
"COK","Men",1,1996
"COL","Men",6,1996
"COM","Men",3,1996
"CPV","Men",2,1996
"CRC","Men",1,1996
"CRO","Men",3,1996
"CUB","Men",26,1996
"CUR","Men",0,1996
"CYP","Men",7,1996
"CZE","Men",14,1996
"DEN","Men",3,1996
"DJI","Men",3,1996
"DMA","Men",3,1996
"DOM","Men",2,1996
"ECU","Men",3,1996
"EGY","Men",0,1996
"ERI","Men",0,1996
"ESA","Men",1,1996
"ESP","Men",39,1996
"EST","Men",9,1996
"ETH","Men",8,1996
"EUN","Men",0,1996
"FIJ","Men",6,1996
"FIN","Men",13,1996
"FRA","Men",28,1996
"FRG","Men",0,1996
"FSM","Men",0,1996
"GAB","Men",4,1996
"GAM","Men",8,1996
"GBR","Men",48,1996
"GBS","Men",2,1996
"GDR","Men",0,1996
"GEO","Men",0,1996
"GEQ","Men",4,1996
"GER","Men",49,1996
"GHA","Men",13,1996
"GRE","Men",15,1996
"GRN","Men",5,1996
"GUA","Men",6,1996
"GUI","Men",3,1996
"GUM","Men",1,1996
"GUY","Men",5,1996
"HAI","Men",3,1996
"HKG","Men",0,1996
"HON","Men",0,1996
"HUN","Men",16,1996
"ICP","Men",0,1996
"INA","Men",1,1996
"IND","Men",2,1996
"IOA","Men",0,1996
"IRI","Men",1,1996
"IRL","Men",17,1996
"IRQ","Men",1,1996
"ISL","Men",2,1996
"ISR","Men",4,1996
"ISV","Men",2,1996
"ITA","Men",33,1996
"IVB","Men",6,1996
"JAM","Men",19,1996
"JOR","Men",1,1996
"JPN","Men",20,1996
"KAZ","Men",7,1996
"KEN","Men",34,1996
"KGZ","Men",5,1996
"KIR","Men",0,1996
"KOR","Men",11,1996
"KSA","Men",9,1996
"KUW","Men",1,1996
"LAN","Men",0,1996
"LAO","Men",4,1996
"LAT","Men",10,1996
"LBA","Men",4,1996
"LBR","Men",4,1996
"LCA","Men",4,1996
"LES","Men",5,1996
"LIB","Men",0,1996
"LIE","Men",0,1996
"LTU","Men",9,1996
"LUX","Men",0,1996
"MAD","Men",2,1996
"MAR","Men",16,1996
"MAS","Men",2,1996
"MAW","Men",2,1996
"MDA","Men",4,1996
"MDV","Men",4,1996
"MEX","Men",11,1996
"MGL","Men",1,1996
"MHL","Men",0,1996
"MKD","Men",0,1996
"MLI","Men",1,1996
"MLT","Men",1,1996
"MNE","Men",0,1996
"MON","Men",0,1996
"MOZ","Men",0,1996
"MRI","Men",12,1996
"MTN","Men",4,1996
"MYA","Men",1,1996
"NAM","Men",2,1996
"NCA","Men",1,1996
"NED","Men",5,1996
"NEP","Men",1,1996
"NGR","Men",19,1996
"NIG","Men",2,1996
"NOR","Men",8,1996
"NZL","Men",12,1996
"OMA","Men",1,1996
"PAK","Men",1,1996
"PAN","Men",1,1996
"PAR","Men",2,1996
"PER","Men",4,1996
"PHI","Men",1,1996
"PLE","Men",1,1996
"PLW","Men",0,1996
"PNG","Men",6,1996
"POL","Men",14,1996
"POR","Men",19,1996
"PRK","Men",2,1996
"PRY","Men",0,1996
"PUR","Men",4,1996
"QAT","Men",9,1996
"ROU","Men",8,1996
"RSA","Men",18,1996
"RUS","Men",38,1996
"RWA","Men",4,1996
"SAM","Men",1,1996
"SCG","Men",0,1996
"SEN","Men",7,1996
"SEY","Men",1,1996
"SIN","Men",1,1996
"SKN","Men",4,1996
"SLE","Men",8,1996
"SLO","Men",3,1996
"SMR","Men",1,1996
"SOL","Men",2,1996
"SOM","Men",4,1996
"SRB","Men",0,1996
"SRI","Men",4,1996
"SSD","Men",0,1996
"STP","Men",1,1996
"SUD","Men",3,1996
"SUI","Men",11,1996
"SUR","Men",1,1996
"SVK","Men",12,1996
"SWE","Men",13,1996
"SWZ","Men",4,1996
"SYR","Men",0,1996
"TAN","Men",4,1996
"TCH","Men",0,1996
"TGA","Men",1,1996
"THA","Men",4,1996
"TJK","Men",0,1996
"TKM","Men",1,1996
"TLS","Men",0,1996
"TOG","Men",5,1996
"TPE","Men",5,1996
"TTO","Men",5,1996
"TUN","Men",5,1996
"TUR","Men",1,1996
"TUV","Men",0,1996
"UAE","Men",1,1996
"UGA","Men",3,1996
"UKR","Men",20,1996
"URS","Men",0,1996
"URU","Men",2,1996
"USA","Men",67,1996
"UZB","Men",10,1996
"VAN","Men",3,1996
"VEN","Men",4,1996
"VIE","Men",1,1996
"VIN","Men",7,1996
"YAR","Men",0,1996
"YEM","Men",3,1996
"YUG","Men",6,1996
"ZAI","Men",2,1996
"ZAM","Men",3,1996
"ZIM","Men",6,1996
"AFG","Women",0,1996
"AHO","Women",0,1996
"ALB","Women",2,1996
"ALG","Women",2,1996
"AND","Women",0,1996
"ANG","Women",1,1996
"ANT","Women",4,1996
"ARG","Women",4,1996
"ARM","Women",0,1996
"ARU","Women",0,1996
"ASA","Women",1,1996
"AUS","Women",27,1996
"AUT","Women",2,1996
"AZE","Women",1,1996
"BAH","Women",7,1996
"BAN","Women",1,1996
"BAR","Women",1,1996
"BDI","Women",1,1996
"BEL","Women",2,1996
"BEN","Women",1,1996
"BER","Women",0,1996
"BIH","Women",1,1996
"BIR","Women",0,1996
"BIZ","Women",2,1996
"BLR","Women",20,1996
"BOL","Women",1,1996
"BOT","Women",0,1996
"BRA","Women",9,1996
"BRN","Women",0,1996
"BRU","Women",0,1996
"BUL","Women",11,1996
"BUR","Women",2,1996
"CAF","Women",2,1996
"CAM","Women",1,1996
"CAN","Women",17,1996
"CAY","Women",1,1996
"CGO","Women",1,1996
"CHA","Women",1,1996
"CHI","Women",1,1996
"CHN","Women",17,1996
"CIV","Women",0,1996
"CMR","Women",4,1996
"COD","Women",0,1996
"COK","Women",0,1996
"COL","Women",7,1996
"COM","Women",1,1996
"CPV","Women",1,1996
"CRC","Women",1,1996
"CRO","Women",0,1996
"CUB","Women",20,1996
"CUR","Women",0,1996
"CYP","Women",1,1996
"CZE","Women",9,1996
"DEN","Women",4,1996
"DJI","Women",0,1996
"DMA","Women",2,1996
"DOM","Women",1,1996
"ECU","Women",1,1996
"EGY","Women",0,1996
"ERI","Women",0,1996
"ESA","Women",1,1996
"ESP","Women",17,1996
"EST","Women",3,1996
"ETH","Women",8,1996
"EUN","Women",0,1996
"FIJ","Women",1,1996
"FIN","Women",13,1996
"FRA","Women",21,1996
"FRG","Women",0,1996
"FSM","Women",0,1996
"GAB","Women",0,1996
"GAM","Women",1,1996
"GBR","Women",29,1996
"GBS","Women",0,1996
"GDR","Women",0,1996
"GEO","Women",2,1996
"GEQ","Women",1,1996
"GER","Women",36,1996
"GHA","Women",2,1996
"GRE","Women",10,1996
"GRN","Women",0,1996
"GUA","Women",0,1996
"GUI","Women",1,1996
"GUM","Women",1,1996
"GUY","Women",1,1996
"HAI","Women",0,1996
"HKG","Women",1,1996
"HON","Women",1,1996
"HUN","Women",6,1996
"ICP","Women",0,1996
"INA","Women",0,1996
"IND","Women",4,1996
"IOA","Women",0,1996
"IRI","Women",0,1996
"IRL","Women",7,1996
"IRQ","Women",0,1996
"ISL","Women",1,1996
"ISR","Women",0,1996
"ISV","Women",5,1996
"ITA","Women",17,1996
"IVB","Women",0,1996
"JAM","Women",19,1996
"JOR","Women",1,1996
"JPN","Women",12,1996
"KAZ","Women",11,1996
"KEN","Women",9,1996
"KGZ","Women",1,1996
"KIR","Women",0,1996
"KOR","Women",6,1996
"KSA","Women",0,1996
"KUW","Women",0,1996
"LAN","Women",0,1996
"LAO","Women",1,1996
"LAT","Women",6,1996
"LBA","Women",0,1996
"LBR","Women",1,1996
"LCA","Women",1,1996
"LES","Women",4,1996
"LIB","Women",0,1996
"LIE","Women",1,1996
"LTU","Women",5,1996
"LUX","Women",1,1996
"MAD","Women",4,1996
"MAR","Women",1,1996
"MAS","Women",1,1996
"MAW","Women",0,1996
"MDA","Women",3,1996
"MDV","Women",1,1996
"MEX","Women",4,1996
"MGL","Women",1,1996
"MHL","Women",0,1996
"MKD","Women",0,1996
"MLI","Women",2,1996
"MLT","Women",1,1996
"MNE","Women",0,1996
"MON","Women",0,1996
"MOZ","Women",1,1996
"MRI","Women",0,1996
"MTN","Women",0,1996
"MYA","Women",1,1996
"NAM","Women",1,1996
"NCA","Women",1,1996
"NED","Women",5,1996
"NEP","Women",1,1996
"NGR","Women",13,1996
"NIG","Women",1,1996
"NOR","Women",5,1996
"NZL","Women",6,1996
"OMA","Women",0,1996
"PAK","Women",1,1996
"PAN","Women",0,1996
"PAR","Women",0,1996
"PER","Women",1,1996
"PHI","Women",1,1996
"PLE","Women",0,1996
"PLW","Women",0,1996
"PNG","Women",0,1996
"POL","Women",9,1996
"POR","Women",11,1996
"PRK","Women",2,1996
"PRY","Women",0,1996
"PUR","Women",1,1996
"QAT","Women",0,1996
"ROU","Women",17,1996
"RSA","Women",4,1996
"RUS","Women",47,1996
"RWA","Women",0,1996
"SAM","Women",1,1996
"SCG","Women",0,1996
"SEN","Women",0,1996
"SEY","Women",1,1996
"SIN","Women",1,1996
"SKN","Women",6,1996
"SLE","Women",4,1996
"SLO","Women",7,1996
"SMR","Women",0,1996
"SOL","Women",1,1996
"SOM","Women",0,1996
"SRB","Women",0,1996
"SRI","Women",2,1996
"SSD","Women",0,1996
"STP","Women",1,1996
"SUD","Women",0,1996
"SUI","Women",12,1996
"SUR","Women",1,1996
"SVK","Women",2,1996
"SWE","Women",4,1996
"SWZ","Women",0,1996
"SYR","Women",1,1996
"TAN","Women",1,1996
"TCH","Women",0,1996
"TGA","Women",1,1996
"THA","Women",4,1996
"TJK","Women",1,1996
"TKM","Women",0,1996
"TLS","Women",0,1996
"TOG","Women",0,1996
"TPE","Women",2,1996
"TTO","Women",1,1996
"TUN","Women",1,1996
"TUR","Women",2,1996
"TUV","Women",0,1996
"UAE","Women",0,1996
"UGA","Women",1,1996
"UKR","Women",23,1996
"URS","Women",0,1996
"URU","Women",0,1996
"USA","Women",54,1996
"UZB","Women",2,1996
"VAN","Women",1,1996
"VEN","Women",0,1996
"VIE","Women",1,1996
"VIN","Women",1,1996
"YAR","Women",0,1996
"YEM","Women",0,1996
"YUG","Women",2,1996
"ZAI","Women",0,1996
"ZAM","Women",1,1996
"ZIM","Women",0,1996
"AFG","Men",0,2000
"AHO","Men",1,2000
"ALB","Men",1,2000
"ALG","Men",16,2000
"AND","Men",1,2000
"ANG","Men",1,2000
"ANT","Men",1,2000
"ARG","Men",6,2000
"ARM","Men",2,2000
"ARU","Men",1,2000
"ASA","Men",1,2000
"AUS","Men",42,2000
"AUT","Men",6,2000
"AZE","Men",3,2000
"BAH","Men",10,2000
"BAN","Men",1,2000
"BAR","Men",6,2000
"BDI","Men",5,2000
"BEL","Men",6,2000
"BEN","Men",1,2000
"BER","Men",1,2000
"BIH","Men",3,2000
"BIR","Men",0,2000
"BIZ","Men",1,2000
"BLR","Men",14,2000
"BOL","Men",1,2000
"BOT","Men",6,2000
"BRA","Men",15,2000
"BRN","Men",1,2000
"BRU","Men",1,2000
"BUL","Men",9,2000
"BUR","Men",1,2000
"CAF","Men",1,2000
"CAM","Men",1,2000
"CAN","Men",22,2000
"CAY","Men",1,2000
"CGO","Men",1,2000
"CHA","Men",1,2000
"CHI","Men",6,2000
"CHN","Men",6,2000
"CIV","Men",4,2000
"CMR","Men",4,2000
"COD","Men",1,2000
"COK","Men",1,2000
"COL","Men",3,2000
"COM","Men",1,2000
"CPV","Men",1,2000
"CRC","Men",1,2000
"CRO","Men",12,2000
"CUB","Men",19,2000
"CUR","Men",0,2000
"CYP","Men",9,2000
"CZE","Men",13,2000
"DEN","Men",3,2000
"DJI","Men",1,2000
"DMA","Men",1,2000
"DOM","Men",2,2000
"ECU","Men",2,2000
"EGY","Men",2,2000
"ERI","Men",2,2000
"ESA","Men",1,2000
"ESP","Men",34,2000
"EST","Men",5,2000
"ETH","Men",13,2000
"EUN","Men",0,2000
"FIJ","Men",1,2000
"FIN","Men",13,2000
"FRA","Men",34,2000
"FRG","Men",0,2000
"FSM","Men",1,2000
"GAB","Men",1,2000
"GAM","Men",1,2000
"GBR","Men",44,2000
"GBS","Men",1,2000
"GDR","Men",0,2000
"GEO","Men",1,2000
"GEQ","Men",1,2000
"GER","Men",34,2000
"GHA","Men",12,2000
"GRE","Men",23,2000
"GRN","Men",1,2000
"GUA","Men",6,2000
"GUI","Men",1,2000
"GUM","Men",1,2000
"GUY","Men",3,2000
"HAI","Men",2,2000
"HKG","Men",4,2000
"HON","Men",0,2000
"HUN","Men",24,2000
"ICP","Men",0,2000
"INA","Men",4,2000
"IND","Men",12,2000
"IOA","Men",1,2000
"IRI","Men",1,2000
"IRL","Men",20,2000
"IRQ","Men",1,2000
"ISL","Men",2,2000
"ISR","Men",8,2000
"ISV","Men",1,2000
"ITA","Men",30,2000
"IVB","Men",1,2000
"JAM","Men",20,2000
"JOR","Men",1,2000
"JPN","Men",28,2000
"KAZ","Men",9,2000
"KEN","Men",27,2000
"KGZ","Men",3,2000
"KIR","Men",0,2000
"KOR","Men",9,2000
"KSA","Men",11,2000
"KUW","Men",4,2000
"LAN","Men",0,2000
"LAO","Men",1,2000
"LAT","Men",8,2000
"LBA","Men",1,2000
"LBR","Men",6,2000
"LCA","Men",2,2000
"LES","Men",1,2000
"LIB","Men",1,2000
"LIE","Men",0,2000
"LTU","Men",8,2000
"LUX","Men",0,2000
"MAD","Men",3,2000
"MAR","Men",17,2000
"MAS","Men",1,2000
"MAW","Men",1,2000
"MDA","Men",8,2000
"MDV","Men",1,2000
"MEX","Men",15,2000
"MGL","Men",1,2000
"MHL","Men",0,2000
"MKD","Men",1,2000
"MLI","Men",1,2000
"MLT","Men",1,2000
"MNE","Men",0,2000
"MON","Men",0,2000
"MOZ","Men",1,2000
"MRI","Men",5,2000
"MTN","Men",1,2000
"MYA","Men",1,2000
"NAM","Men",5,2000
"NCA","Men",0,2000
"NED","Men",7,2000
"NEP","Men",1,2000
"NGR","Men",14,2000
"NIG","Men",1,2000
"NOR","Men",8,2000
"NZL","Men",4,2000
"OMA","Men",4,2000
"PAK","Men",1,2000
"PAN","Men",1,2000
"PAR","Men",1,2000
"PER","Men",1,2000
"PHI","Men",1,2000
"PLE","Men",1,2000
"PLW","Men",1,2000
"PNG","Men",1,2000
"POL","Men",22,2000
"POR","Men",15,2000
"PRK","Men",3,2000
"PRY","Men",0,2000
"PUR","Men",4,2000
"QAT","Men",12,2000
"ROU","Men",6,2000
"RSA","Men",18,2000
"RUS","Men",48,2000
"RWA","Men",2,2000
"SAM","Men",0,2000
"SCG","Men",0,2000
"SEN","Men",4,2000
"SEY","Men",1,2000
"SIN","Men",0,2000
"SKN","Men",1,2000
"SLE","Men",1,2000
"SLO","Men",11,2000
"SMR","Men",1,2000
"SOL","Men",1,2000
"SOM","Men",1,2000
"SRB","Men",0,2000
"SRI","Men",7,2000
"SSD","Men",0,2000
"STP","Men",1,2000
"SUD","Men",1,2000
"SUI","Men",9,2000
"SUR","Men",1,2000
"SVK","Men",15,2000
"SWE","Men",10,2000
"SWZ","Men",1,2000
"SYR","Men",2,2000
"TAN","Men",3,2000
"TCH","Men",0,2000
"TGA","Men",1,2000
"THA","Men",8,2000
"TJK","Men",1,2000
"TKM","Men",1,2000
"TLS","Men",0,2000
"TOG","Men",1,2000
"TPE","Men",1,2000
"TTO","Men",12,2000
"TUN","Men",6,2000
"TUR","Men",1,2000
"TUV","Men",0,2000
"UAE","Men",1,2000
"UGA","Men",4,2000
"UKR","Men",27,2000
"URS","Men",0,2000
"URU","Men",2,2000
"USA","Men",65,2000
"UZB","Men",13,2000
"VAN","Men",1,2000
"VEN","Men",6,2000
"VIE","Men",1,2000
"VIN","Men",1,2000
"YAR","Men",0,2000
"YEM","Men",1,2000
"YUG","Men",15,2000
"ZAI","Men",0,2000
"ZAM","Men",3,2000
"ZIM","Men",6,2000
"AFG","Women",0,2000
"AHO","Women",1,2000
"ALB","Women",1,2000
"ALG","Women",5,2000
"AND","Women",1,2000
"ANG","Women",1,2000
"ANT","Women",1,2000
"ARG","Women",5,2000
"ARM","Women",1,2000
"ARU","Women",1,2000
"ASA","Women",1,2000
"AUS","Women",40,2000
"AUT","Women",6,2000
"AZE","Women",1,2000
"BAH","Women",9,2000
"BAN","Women",1,2000
"BAR","Women",5,2000
"BDI","Women",1,2000
"BEL","Women",3,2000
"BEN","Women",1,2000
"BER","Women",0,2000
"BIH","Women",1,2000
"BIR","Women",0,2000
"BIZ","Women",1,2000
"BLR","Women",17,2000
"BOL","Women",1,2000
"BOT","Women",0,2000
"BRA","Women",3,2000
"BRN","Women",1,2000
"BRU","Women",0,2000
"BUL","Women",13,2000
"BUR","Women",1,2000
"CAF","Women",1,2000
"CAM","Women",1,2000
"CAN","Women",14,2000
"CAY","Women",1,2000
"CGO","Women",1,2000
"CHA","Women",1,2000
"CHI","Women",1,2000
"CHN","Women",20,2000
"CIV","Women",4,2000
"CMR","Women",7,2000
"COD","Women",1,2000
"COK","Women",0,2000
"COL","Women",8,2000
"COM","Women",1,2000
"CPV","Women",1,2000
"CRC","Women",0,2000
"CRO","Women",3,2000
"CUB","Women",14,2000
"CUR","Women",0,2000
"CYP","Women",1,2000
"CZE","Women",11,2000
"DEN","Women",1,2000
"DJI","Women",1,2000
"DMA","Women",1,2000
"DOM","Women",0,2000
"ECU","Women",1,2000
"EGY","Women",0,2000
"ERI","Women",1,2000
"ESA","Women",1,2000
"ESP","Women",24,2000
"EST","Women",0,2000
"ETH","Women",11,2000
"EUN","Women",0,2000
"FIJ","Women",0,2000
"FIN","Women",10,2000
"FRA","Women",19,2000
"FRG","Women",0,2000
"FSM","Women",1,2000
"GAB","Women",1,2000
"GAM","Women",1,2000
"GBR","Women",28,2000
"GBS","Women",1,2000
"GDR","Women",0,2000
"GEO","Women",1,2000
"GEQ","Women",1,2000
"GER","Women",30,2000
"GHA","Women",6,2000
"GRE","Women",20,2000
"GRN","Women",1,2000
"GUA","Women",1,2000
"GUI","Women",1,2000
"GUM","Women",1,2000
"GUY","Women",1,2000
"HAI","Women",1,2000
"HKG","Women",1,2000
"HON","Women",1,2000
"HUN","Women",13,2000
"ICP","Women",0,2000
"INA","Women",1,2000
"IND","Women",12,2000
"IOA","Women",1,2000
"IRI","Women",0,2000
"IRL","Women",12,2000
"IRQ","Women",1,2000
"ISL","Women",4,2000
"ISR","Women",0,2000
"ISV","Women",2,2000
"ITA","Women",17,2000
"IVB","Women",0,2000
"JAM","Women",23,2000
"JOR","Women",1,2000
"JPN","Women",12,2000
"KAZ","Women",16,2000
"KEN","Women",9,2000
"KGZ","Women",5,2000
"KIR","Women",0,2000
"KOR","Women",4,2000
"KSA","Women",0,2000
"KUW","Women",0,2000
"LAN","Women",0,2000
"LAO","Women",1,2000
"LAT","Women",9,2000
"LBA","Women",0,2000
"LBR","Women",2,2000
"LCA","Women",1,2000
"LES","Women",1,2000
"LIB","Women",1,2000
"LIE","Women",0,2000
"LTU","Women",10,2000
"LUX","Women",0,2000
"MAD","Women",4,2000
"MAR","Women",7,2000
"MAS","Women",1,2000
"MAW","Women",1,2000
"MDA","Women",3,2000
"MDV","Women",1,2000
"MEX","Women",7,2000
"MGL","Women",1,2000
"MHL","Women",0,2000
"MKD","Women",1,2000
"MLI","Women",1,2000
"MLT","Women",1,2000
"MNE","Women",0,2000
"MON","Women",0,2000
"MOZ","Women",1,2000
"MRI","Women",1,2000
"MTN","Women",1,2000
"MYA","Women",1,2000
"NAM","Women",1,2000
"NCA","Women",1,2000
"NED","Women",2,2000
"NEP","Women",1,2000
"NGR","Women",14,2000
"NIG","Women",1,2000
"NOR","Women",4,2000
"NZL","Women",4,2000
"OMA","Women",0,2000
"PAK","Women",1,2000
"PAN","Women",0,2000
"PAR","Women",1,2000
"PER","Women",1,2000
"PHI","Women",1,2000
"PLE","Women",0,2000
"PLW","Women",1,2000
"PNG","Women",1,2000
"POL","Women",13,2000
"POR","Women",6,2000
"PRK","Women",3,2000
"PRY","Women",0,2000
"PUR","Women",4,2000
"QAT","Women",0,2000
"ROU","Women",17,2000
"RSA","Women",5,2000
"RUS","Women",61,2000
"RWA","Women",1,2000
"SAM","Women",0,2000
"SCG","Women",0,2000
"SEN","Women",5,2000
"SEY","Women",1,2000
"SIN","Women",0,2000
"SKN","Women",1,2000
"SLE","Women",1,2000
"SLO","Women",8,2000
"SMR","Women",0,2000
"SOL","Women",1,2000
"SOM","Women",1,2000
"SRB","Women",0,2000
"SRI","Women",6,2000
"SSD","Women",0,2000
"STP","Women",1,2000
"SUD","Women",1,2000
"SUI","Women",4,2000
"SUR","Women",1,2000
"SVK","Women",1,2000
"SWE","Women",4,2000
"SWZ","Women",1,2000
"SYR","Women",1,2000
"TAN","Women",1,2000
"TCH","Women",0,2000
"TGA","Women",1,2000
"THA","Women",4,2000
"TJK","Women",1,2000
"TKM","Women",1,2000
"TLS","Women",0,2000
"TOG","Women",1,2000
"TPE","Women",1,2000
"TTO","Women",3,2000
"TUN","Women",3,2000
"TUR","Women",4,2000
"TUV","Women",0,2000
"UAE","Women",0,2000
"UGA","Women",1,2000
"UKR","Women",27,2000
"URS","Women",0,2000
"URU","Women",2,2000
"USA","Women",51,2000
"UZB","Women",9,2000
"VAN","Women",1,2000
"VEN","Women",0,2000
"VIE","Women",1,2000
"VIN","Women",1,2000
"YAR","Women",0,2000
"YEM","Women",1,2000
"YUG","Women",9,2000
"ZAI","Women",0,2000
"ZAM","Women",1,2000
"ZIM","Women",2,2000
"AFG","Men",1,2004
"AHO","Men",2,2004
"ALB","Men",1,2004
"ALG","Men",16,2004
"AND","Men",1,2004
"ANG","Men",1,2004
"ANT","Men",2,2004
"ARG","Men",3,2004
"ARM","Men",1,2004
"ARU","Men",1,2004
"ASA","Men",1,2004
"AUS","Men",25,2004
"AUT","Men",4,2004
"AZE","Men",3,2004
"BAH","Men",8,2004
"BAN","Men",1,2004
"BAR","Men",2,2004
"BDI","Men",4,2004
"BEL","Men",4,2004
"BEN","Men",1,2004
"BER","Men",1,2004
"BIH","Men",1,2004
"BIR","Men",0,2004
"BIZ","Men",1,2004
"BLR","Men",19,2004
"BOL","Men",1,2004
"BOT","Men",8,2004
"BRA","Men",19,2004
"BRN","Men",4,2004
"BRU","Men",1,2004
"BUL","Men",7,2004
"BUR","Men",2,2004
"CAF","Men",1,2004
"CAM","Men",1,2004
"CAN","Men",11,2004
"CAY","Men",1,2004
"CGO","Men",0,2004
"CHA","Men",0,2004
"CHI","Men",1,2004
"CHN","Men",20,2004
"CIV","Men",1,2004
"CMR","Men",1,2004
"COD","Men",1,2004
"COK","Men",1,2004
"COL","Men",4,2004
"COM","Men",1,2004
"CPV","Men",1,2004
"CRC","Men",0,2004
"CRO","Men",8,2004
"CUB","Men",14,2004
"CUR","Men",0,2004
"CYP","Men",3,2004
"CZE","Men",20,2004
"DEN","Men",3,2004
"DJI","Men",0,2004
"DMA","Men",1,2004
"DOM","Men",3,2004
"ECU","Men",7,2004
"EGY","Men",1,2004
"ERI","Men",3,2004
"ESA","Men",1,2004
"ESP","Men",33,2004
"EST","Men",11,2004
"ETH","Men",12,2004
"EUN","Men",0,2004
"FIJ","Men",1,2004
"FIN","Men",14,2004
"FRA","Men",33,2004
"FRG","Men",0,2004
"FSM","Men",1,2004
"GAB","Men",1,2004
"GAM","Men",1,2004
"GBR","Men",30,2004
"GBS","Men",1,2004
"GDR","Men",0,2004
"GEO","Men",1,2004
"GEQ","Men",1,2004
"GER","Men",35,2004
"GHA","Men",7,2004
"GRE","Men",19,2004
"GRN","Men",2,2004
"GUA","Men",4,2004
"GUI","Men",1,2004
"GUM","Men",1,2004
"GUY","Men",0,2004
"HAI","Men",3,2004
"HKG","Men",1,2004
"HON","Men",1,2004
"HUN","Men",20,2004
"ICP","Men",0,2004
"INA","Men",1,2004
"IND","Men",4,2004
"IOA","Men",0,2004
"IRI","Men",2,2004
"IRL","Men",6,2004
"IRQ","Men",1,2004
"ISL","Men",1,2004
"ISR","Men",3,2004
"ISV","Men",1,2004
"ITA","Men",21,2004
"IVB","Men",1,2004
"JAM","Men",21,2004
"JOR","Men",1,2004
"JPN","Men",25,2004
"KAZ","Men",9,2004
"KEN","Men",20,2004
"KGZ","Men",1,2004
"KIR","Men",1,2004
"KOR","Men",12,2004
"KSA","Men",7,2004
"KUW","Men",4,2004
"LAN","Men",0,2004
"LAO","Men",1,2004
"LAT","Men",8,2004
"LBA","Men",1,2004
"LBR","Men",1,2004
"LCA","Men",1,2004
"LES","Men",1,2004
"LIB","Men",1,2004
"LIE","Men",0,2004
"LTU","Men",5,2004
"LUX","Men",1,2004
"MAD","Men",1,2004
"MAR","Men",16,2004
"MAS","Men",1,2004
"MAW","Men",1,2004
"MDA","Men",7,2004
"MDV","Men",1,2004
"MEX","Men",15,2004
"MGL","Men",1,2004
"MHL","Men",0,2004
"MKD","Men",1,2004
"MLI","Men",1,2004
"MLT","Men",1,2004
"MNE","Men",0,2004
"MON","Men",1,2004
"MOZ","Men",1,2004
"MRI","Men",3,2004
"MTN","Men",1,2004
"MYA","Men",0,2004
"NAM","Men",2,2004
"NCA","Men",1,2004
"NED","Men",13,2004
"NEP","Men",1,2004
"NGR","Men",8,2004
"NIG","Men",1,2004
"NOR","Men",6,2004
"NZL","Men",8,2004
"OMA","Men",1,2004
"PAK","Men",1,2004
"PAN","Men",2,2004
"PAR","Men",1,2004
"PER","Men",1,2004
"PHI","Men",1,2004
"PLE","Men",1,2004
"PLW","Men",1,2004
"PNG","Men",1,2004
"POL","Men",22,2004
"POR","Men",14,2004
"PRK","Men",1,2004
"PRY","Men",0,2004
"PUR","Men",2,2004
"QAT","Men",10,2004
"ROU","Men",4,2004
"RSA","Men",23,2004
"RUS","Men",53,2004
"RWA","Men",2,2004
"SAM","Men",1,2004
"SCG","Men",5,2004
"SEN","Men",3,2004
"SEY","Men",1,2004
"SIN","Men",1,2004
"SKN","Men",1,2004
"SLE","Men",1,2004
"SLO","Men",13,2004
"SMR","Men",1,2004
"SOL","Men",1,2004
"SOM","Men",1,2004
"SRB","Men",0,2004
"SRI","Men",3,2004
"SSD","Men",0,2004
"STP","Men",1,2004
"SUD","Men",3,2004
"SUI","Men",5,2004
"SUR","Men",1,2004
"SVK","Men",10,2004
"SWE","Men",8,2004
"SWZ","Men",1,2004
"SYR","Men",1,2004
"TAN","Men",6,2004
"TCH","Men",0,2004
"TGA","Men",1,2004
"THA","Men",0,2004
"TJK","Men",1,2004
"TKM","Men",1,2004
"TLS","Men",1,2004
"TOG","Men",1,2004
"TPE","Men",1,2004
"TTO","Men",7,2004
"TUN","Men",2,2004
"TUR","Men",4,2004
"TUV","Men",0,2004
"UAE","Men",1,2004
"UGA","Men",3,2004
"UKR","Men",21,2004
"URS","Men",0,2004
"URU","Men",2,2004
"USA","Men",62,2004
"UZB","Men",4,2004
"VAN","Men",1,2004
"VEN","Men",5,2004
"VIE","Men",1,2004
"VIN","Men",1,2004
"YAR","Men",0,2004
"YEM","Men",1,2004
"YUG","Men",0,2004
"ZAI","Men",0,2004
"ZAM","Men",1,2004
"ZIM","Men",5,2004
"AFG","Women",1,2004
"AHO","Women",0,2004
"ALB","Women",1,2004
"ALG","Women",4,2004
"AND","Women",1,2004
"ANG","Women",0,2004
"ANT","Women",1,2004
"ARG","Women",5,2004
"ARM","Women",1,2004
"ARU","Women",0,2004
"ASA","Women",1,2004
"AUS","Women",17,2004
"AUT","Women",2,2004
"AZE","Women",1,2004
"BAH","Women",8,2004
"BAN","Women",0,2004
"BAR","Women",1,2004
"BDI","Women",1,2004
"BEL","Women",5,2004
"BEN","Women",1,2004
"BER","Women",0,2004
"BIH","Women",1,2004
"BIR","Women",0,2004
"BIZ","Women",1,2004
"BLR","Women",22,2004
"BOL","Women",1,2004
"BOT","Women",1,2004
"BRA","Women",15,2004
"BRN","Women",2,2004
"BRU","Women",0,2004
"BUL","Women",12,2004
"BUR","Women",1,2004
"CAF","Women",1,2004
"CAM","Women",1,2004
"CAN","Women",10,2004
"CAY","Women",1,2004
"CGO","Women",1,2004
"CHA","Women",1,2004
"CHI","Women",2,2004
"CHN","Women",32,2004
"CIV","Women",1,2004
"CMR","Women",6,2004
"COD","Women",1,2004
"COK","Women",1,2004
"COL","Women",7,2004
"COM","Women",1,2004
"CPV","Women",0,2004
"CRC","Women",0,2004
"CRO","Women",4,2004
"CUB","Women",19,2004
"CUR","Women",0,2004
"CYP","Women",4,2004
"CZE","Women",16,2004
"DEN","Women",2,2004
"DJI","Women",0,2004
"DMA","Women",1,2004
"DOM","Women",2,2004
"ECU","Women",1,2004
"EGY","Women",1,2004
"ERI","Women",1,2004
"ESA","Women",1,2004
"ESP","Women",23,2004
"EST","Women",4,2004
"ETH","Women",12,2004
"EUN","Women",0,2004
"FIJ","Women",1,2004
"FIN","Women",9,2004
"FRA","Women",22,2004
"FRG","Women",0,2004
"FSM","Women",1,2004
"GAB","Women",1,2004
"GAM","Women",1,2004
"GBR","Women",24,2004
"GBS","Women",1,2004
"GDR","Women",0,2004
"GEO","Women",2,2004
"GEQ","Women",1,2004
"GER","Women",36,2004
"GHA","Women",3,2004
"GRE","Women",37,2004
"GRN","Women",1,2004
"GUA","Women",1,2004
"GUI","Women",0,2004
"GUM","Women",1,2004
"GUY","Women",2,2004
"HAI","Women",1,2004
"HKG","Women",0,2004
"HON","Women",0,2004
"HUN","Women",15,2004
"ICP","Women",0,2004
"INA","Women",1,2004
"IND","Women",13,2004
"IOA","Women",0,2004
"IRI","Women",0,2004
"IRL","Women",5,2004
"IRQ","Women",1,2004
"ISL","Women",1,2004
"ISR","Women",2,2004
"ISV","Women",1,2004
"ITA","Women",14,2004
"IVB","Women",0,2004
"JAM","Women",20,2004
"JOR","Women",1,2004
"JPN","Women",13,2004
"KAZ","Women",12,2004
"KEN","Women",11,2004
"KGZ","Women",6,2004
"KIR","Women",1,2004
"KOR","Women",6,2004
"KSA","Women",0,2004
"KUW","Women",1,2004
"LAN","Women",0,2004
"LAO","Women",1,2004
"LAT","Women",7,2004
"LBA","Women",1,2004
"LBR","Women",1,2004
"LCA","Women",0,2004
"LES","Women",1,2004
"LIB","Women",1,2004
"LIE","Women",0,2004
"LTU","Women",7,2004
"LUX","Women",0,2004
"MAD","Women",2,2004
"MAR","Women",6,2004
"MAS","Women",1,2004
"MAW","Women",1,2004
"MDA","Women",5,2004
"MDV","Women",1,2004
"MEX","Women",12,2004
"MGL","Women",1,2004
"MHL","Women",0,2004
"MKD","Women",1,2004
"MLI","Women",1,2004
"MLT","Women",1,2004
"MNE","Women",0,2004
"MON","Women",0,2004
"MOZ","Women",1,2004
"MRI","Women",1,2004
"MTN","Women",1,2004
"MYA","Women",0,2004
"NAM","Women",1,2004
"NCA","Women",1,2004
"NED","Women",7,2004
"NEP","Women",1,2004
"NGR","Women",9,2004
"NIG","Women",1,2004
"NOR","Women",3,2004
"NZL","Women",5,2004
"OMA","Women",0,2004
"PAK","Women",1,2004
"PAN","Women",0,2004
"PAR","Women",1,2004
"PER","Women",1,2004
"PHI","Women",1,2004
"PLE","Women",1,2004
"PLW","Women",1,2004
"PNG","Women",1,2004
"POL","Women",23,2004
"POR","Women",12,2004
"PRK","Women",3,2004
"PRY","Women",0,2004
"PUR","Women",1,2004
"QAT","Women",0,2004
"ROU","Women",22,2004
"RSA","Women",9,2004
"RUS","Women",62,2004
"RWA","Women",1,2004
"SAM","Women",1,2004
"SCG","Women",2,2004
"SEN","Women",6,2004
"SEY","Women",1,2004
"SIN","Women",1,2004
"SKN","Women",1,2004
"SLE","Women",1,2004
"SLO","Women",6,2004
"SMR","Women",0,2004
"SOL","Women",1,2004
"SOM","Women",1,2004
"SRB","Women",0,2004
"SRI","Women",1,2004
"SSD","Women",0,2004
"STP","Women",1,2004
"SUD","Women",1,2004
"SUI","Women",4,2004
"SUR","Women",1,2004
"SVK","Women",2,2004
"SWE","Women",4,2004
"SWZ","Women",1,2004
"SYR","Women",1,2004
"TAN","Women",2,2004
"TCH","Women",0,2004
"TGA","Women",1,2004
"THA","Women",3,2004
"TJK","Women",1,2004
"TKM","Women",1,2004
"TLS","Women",1,2004
"TOG","Women",1,2004
"TPE","Women",1,2004
"TTO","Women",7,2004
"TUN","Women",1,2004
"TUR","Women",9,2004
"TUV","Women",0,2004
"UAE","Women",0,2004
"UGA","Women",1,2004
"UKR","Women",29,2004
"URS","Women",0,2004
"URU","Women",1,2004
"USA","Women",54,2004
"UZB","Women",6,2004
"VAN","Women",1,2004
"VEN","Women",0,2004
"VIE","Women",1,2004
"VIN","Women",1,2004
"YAR","Women",0,2004
"YEM","Women",0,2004
"YUG","Women",0,2004
"ZAI","Women",0,2004
"ZAM","Women",1,2004
"ZIM","Women",1,2004
"AFG","Men",1,2008
"AHO","Men",1,2008
"ALB","Men",1,2008
"ALG","Men",8,2008
"AND","Men",1,2008
"ANG","Men",1,2008
"ANT","Men",3,2008
"ARG","Men",8,2008
"ARM","Men",1,2008
"ARU","Men",0,2008
"ASA","Men",1,2008
"AUS","Men",23,2008
"AUT","Men",2,2008
"AZE","Men",2,2008
"BAH","Men",11,2008
"BAN","Men",1,2008
"BAR","Men",2,2008
"BDI","Men",1,2008
"BEL","Men",10,2008
"BEN","Men",1,2008
"BER","Men",1,2008
"BIH","Men",1,2008
"BIR","Men",0,2008
"BIZ","Men",2,2008
"BLR","Men",18,2008
"BOL","Men",1,2008
"BOT","Men",6,2008
"BRA","Men",21,2008
"BRN","Men",9,2008
"BRU","Men",0,2008
"BUL","Men",7,2008
"BUR","Men",1,2008
"CAF","Men",1,2008
"CAM","Men",1,2008
"CAN","Men",18,2008
"CAY","Men",1,2008
"CGO","Men",1,2008
"CHA","Men",1,2008
"CHI","Men",5,2008
"CHN","Men",26,2008
"CIV","Men",0,2008
"CMR","Men",1,2008
"COD","Men",1,2008
"COK","Men",1,2008
"COL","Men",7,2008
"COM","Men",1,2008
"CPV","Men",1,2008
"CRC","Men",2,2008
"CRO","Men",4,2008
"CUB","Men",21,2008
"CUR","Men",0,2008
"CYP","Men",1,2008
"CZE","Men",17,2008
"DEN","Men",2,2008
"DJI","Men",1,2008
"DMA","Men",2,2008
"DOM","Men",5,2008
"ECU","Men",9,2008
"EGY","Men",4,2008
"ERI","Men",8,2008
"ESA","Men",1,2008
"ESP","Men",32,2008
"EST","Men",9,2008
"ETH","Men",14,2008
"EUN","Men",0,2008
"FIJ","Men",1,2008
"FIN","Men",15,2008
"FRA","Men",25,2008
"FRG","Men",0,2008
"FSM","Men",1,2008
"GAB","Men",1,2008
"GAM","Men",1,2008
"GBR","Men",27,2008
"GBS","Men",1,2008
"GDR","Men",0,2008
"GEO","Men",1,2008
"GEQ","Men",1,2008
"GER","Men",23,2008
"GHA","Men",2,2008
"GRE","Men",13,2008
"GRN","Men",3,2008
"GUA","Men",3,2008
"GUI","Men",1,2008
"GUM","Men",1,2008
"GUY","Men",1,2008
"HAI","Men",1,2008
"HKG","Men",1,2008
"HON","Men",1,2008
"HUN","Men",9,2008
"ICP","Men",0,2008
"INA","Men",1,2008
"IND","Men",3,2008
"IOA","Men",0,2008
"IRI","Men",6,2008
"IRL","Men",8,2008
"IRQ","Men",1,2008
"ISL","Men",1,2008
"ISR","Men",4,2008
"ISV","Men",1,2008
"ITA","Men",25,2008
"IVB","Men",1,2008
"JAM","Men",21,2008
"JOR","Men",1,2008
"JPN","Men",22,2008
"KAZ","Men",7,2008
"KEN","Men",20,2008
"KGZ","Men",2,2008
"KIR","Men",1,2008
"KOR","Men",10,2008
"KSA","Men",8,2008
"KUW","Men",2,2008
"LAN","Men",0,2008
"LAO","Men",1,2008
"LAT","Men",11,2008
"LBA","Men",1,2008
"LBR","Men",2,2008
"LCA","Men",1,2008
"LES","Men",3,2008
"LIB","Men",1,2008
"LIE","Men",1,2008
"LTU","Men",6,2008
"LUX","Men",0,2008
"MAD","Men",1,2008
"MAR","Men",19,2008
"MAS","Men",1,2008
"MAW","Men",1,2008
"MDA","Men",8,2008
"MDV","Men",1,2008
"MEX","Men",14,2008
"MGL","Men",1,2008
"MHL","Men",1,2008
"MKD","Men",1,2008
"MLI","Men",1,2008
"MLT","Men",1,2008
"MNE","Men",1,2008
"MON","Men",1,2008
"MOZ","Men",0,2008
"MRI","Men",2,2008
"MTN","Men",1,2008
"MYA","Men",1,2008
"NAM","Men",1,2008
"NCA","Men",1,2008
"NED","Men",10,2008
"NEP","Men",1,2008
"NGR","Men",8,2008
"NIG","Men",1,2008
"NOR","Men",4,2008
"NZL","Men",4,2008
"OMA","Men",1,2008
"PAK","Men",1,2008
"PAN","Men",2,2008
"PAR","Men",1,2008
"PER","Men",2,2008
"PHI","Men",1,2008
"PLE","Men",1,2008
"PLW","Men",1,2008
"PNG","Men",1,2008
"POL","Men",27,2008
"POR","Men",13,2008
"PRK","Men",3,2008
"PRY","Men",0,2008
"PUR","Men",4,2008
"QAT","Men",14,2008
"ROU","Men",1,2008
"RSA","Men",17,2008
"RUS","Men",44,2008
"RWA","Men",1,2008
"SAM","Men",1,2008
"SCG","Men",0,2008
"SEN","Men",2,2008
"SEY","Men",1,2008
"SIN","Men",1,2008
"SKN","Men",1,2008
"SLE","Men",1,2008
"SLO","Men",10,2008
"SMR","Men",1,2008
"SOL","Men",1,2008
"SOM","Men",1,2008
"SRB","Men",5,2008
"SRI","Men",0,2008
"SSD","Men",0,2008
"STP","Men",1,2008
"SUD","Men",4,2008
"SUI","Men",5,2008
"SUR","Men",1,2008
"SVK","Men",11,2008
"SWE","Men",8,2008
"SWZ","Men",1,2008
"SYR","Men",1,2008
"TAN","Men",6,2008
"TCH","Men",0,2008
"TGA","Men",1,2008
"THA","Men",4,2008
"TJK","Men",1,2008
"TKM","Men",1,2008
"TLS","Men",0,2008
"TOG","Men",0,2008
"TPE","Men",2,2008
"TTO","Men",13,2008
"TUN","Men",2,2008
"TUR","Men",6,2008
"TUV","Men",1,2008
"UAE","Men",1,2008
"UGA","Men",6,2008
"UKR","Men",28,2008
"URS","Men",0,2008
"URU","Men",2,2008
"USA","Men",61,2008
"UZB","Men",6,2008
"VAN","Men",1,2008
"VEN","Men",3,2008
"VIE","Men",1,2008
"VIN","Men",1,2008
"YAR","Men",0,2008
"YEM","Men",1,2008
"YUG","Men",0,2008
"ZAI","Men",0,2008
"ZAM","Men",1,2008
"ZIM","Men",6,2008
"AFG","Women",1,2008
"AHO","Women",0,2008
"ALB","Women",1,2008
"ALG","Women",4,2008
"AND","Women",1,2008
"ANG","Women",0,2008
"ANT","Women",1,2008
"ARG","Women",3,2008
"ARM","Women",1,2008
"ARU","Women",0,2008
"ASA","Women",0,2008
"AUS","Women",17,2008
"AUT","Women",1,2008
"AZE","Women",0,2008
"BAH","Women",7,2008
"BAN","Women",1,2008
"BAR","Women",1,2008
"BDI","Women",1,2008
"BEL","Women",7,2008
"BEN","Women",1,2008
"BER","Women",1,2008
"BIH","Women",1,2008
"BIR","Women",0,2008
"BIZ","Women",1,2008
"BLR","Women",29,2008
"BOL","Women",1,2008
"BOT","Women",1,2008
"BRA","Women",20,2008
"BRN","Women",2,2008
"BRU","Women",0,2008
"BUL","Women",8,2008
"BUR","Women",1,2008
"CAF","Women",1,2008
"CAM","Women",1,2008
"CAN","Women",11,2008
"CAY","Women",1,2008
"CGO","Women",1,2008
"CHA","Women",1,2008
"CHI","Women",1,2008
"CHN","Women",39,2008
"CIV","Women",1,2008
"CMR","Women",4,2008
"COD","Women",1,2008
"COK","Women",1,2008
"COL","Women",7,2008
"COM","Women",1,2008
"CPV","Women",0,2008
"CRC","Women",1,2008
"CRO","Women",6,2008
"CUB","Women",22,2008
"CUR","Women",0,2008
"CYP","Women",5,2008
"CZE","Women",12,2008
"DEN","Women",1,2008
"DJI","Women",1,2008
"DMA","Women",0,2008
"DOM","Women",1,2008
"ECU","Women",2,2008
"EGY","Women",0,2008
"ERI","Women",2,2008
"ESA","Women",1,2008
"ESP","Women",22,2008
"EST","Women",5,2008
"ETH","Women",13,2008
"EUN","Women",0,2008
"FIJ","Women",1,2008
"FIN","Women",4,2008
"FRA","Women",23,2008
"FRG","Women",0,2008
"FSM","Women",1,2008
"GAB","Women",1,2008
"GAM","Women",1,2008
"GBR","Women",31,2008
"GBS","Women",1,2008
"GDR","Women",0,2008
"GEO","Women",1,2008
"GEQ","Women",1,2008
"GER","Women",30,2008
"GHA","Women",1,2008
"GRE","Women",19,2008
"GRN","Women",5,2008
"GUA","Women",1,2008
"GUI","Women",1,2008
"GUM","Women",1,2008
"GUY","Women",2,2008
"HAI","Women",3,2008
"HKG","Women",1,2008
"HON","Women",1,2008
"HUN","Women",11,2008
"ICP","Women",0,2008
"INA","Women",1,2008
"IND","Women",11,2008
"IOA","Women",0,2008
"IRI","Women",0,2008
"IRL","Women",8,2008
"IRQ","Women",1,2008
"ISL","Women",2,2008
"ISR","Women",0,2008
"ISV","Women",1,2008
"ITA","Women",20,2008
"IVB","Women",1,2008
"JAM","Women",24,2008
"JOR","Women",1,2008
"JPN","Women",15,2008
"KAZ","Women",12,2008
"KEN","Women",17,2008
"KGZ","Women",3,2008
"KIR","Women",0,2008
"KOR","Women",7,2008
"KSA","Women",0,2008
"KUW","Women",0,2008
"LAN","Women",0,2008
"LAO","Women",1,2008
"LAT","Women",5,2008
"LBA","Women",1,2008
"LBR","Women",1,2008
"LCA","Women",2,2008
"LES","Women",1,2008
"LIB","Women",1,2008
"LIE","Women",0,2008
"LTU","Women",12,2008
"LUX","Women",0,2008
"MAD","Women",1,2008
"MAR","Women",7,2008
"MAS","Women",2,2008
"MAW","Women",1,2008
"MDA","Women",6,2008
"MDV","Women",1,2008
"MEX","Women",9,2008
"MGL","Women",1,2008
"MHL","Women",1,2008
"MKD","Women",1,2008
"MLI","Women",1,2008
"MLT","Women",1,2008
"MNE","Women",1,2008
"MON","Women",0,2008
"MOZ","Women",1,2008
"MRI","Women",1,2008
"MTN","Women",1,2008
"MYA","Women",1,2008
"NAM","Women",3,2008
"NCA","Women",1,2008
"NED","Women",4,2008
"NEP","Women",1,2008
"NGR","Women",14,2008
"NIG","Women",1,2008
"NOR","Women",5,2008
"NZL","Women",6,2008
"OMA","Women",1,2008
"PAK","Women",1,2008
"PAN","Women",0,2008
"PAR","Women",1,2008
"PER","Women",1,2008
"PHI","Women",1,2008
"PLE","Women",1,2008
"PLW","Women",1,2008
"PNG","Women",1,2008
"POL","Women",33,2008
"POR","Women",14,2008
"PRK","Women",3,2008
"PRY","Women",0,2008
"PUR","Women",1,2008
"QAT","Women",0,2008
"ROU","Women",16,2008
"RSA","Women",6,2008
"RUS","Women",60,2008
"RWA","Women",1,2008
"SAM","Women",1,2008
"SCG","Women",0,2008
"SEN","Women",0,2008
"SEY","Women",1,2008
"SIN","Women",1,2008
"SKN","Women",3,2008
"SLE","Women",1,2008
"SLO","Women",7,2008
"SMR","Women",0,2008
"SOL","Women",1,2008
"SOM","Women",1,2008
"SRB","Women",5,2008
"SRI","Women",2,2008
"SSD","Women",0,2008
"STP","Women",1,2008
"SUD","Women",4,2008
"SUI","Women",2,2008
"SUR","Women",1,2008
"SVK","Women",7,2008
"SWE","Women",4,2008
"SWZ","Women",1,2008
"SYR","Women",1,2008
"TAN","Women",1,2008
"TCH","Women",0,2008
"TGA","Women",1,2008
"THA","Women",7,2008
"TJK","Women",1,2008
"TKM","Women",1,2008
"TLS","Women",1,2008
"TOG","Women",1,2008
"TPE","Women",1,2008
"TTO","Women",10,2008
"TUN","Women",2,2008
"TUR","Women",9,2008
"TUV","Women",1,2008
"UAE","Women",0,2008
"UGA","Women",1,2008
"UKR","Women",38,2008
"URS","Women",0,2008
"URU","Women",1,2008
"USA","Women",60,2008
"UZB","Women",6,2008
"VAN","Women",1,2008
"VEN","Women",1,2008
"VIE","Women",1,2008
"VIN","Women",1,2008
"YAR","Women",0,2008
"YEM","Women",1,2008
"YUG","Women",0,2008
"ZAI","Women",0,2008
"ZAM","Women",1,2008
"ZIM","Women",1,2008
"AFG","Men",1,2012
"AHO","Men",0,2012
"ALB","Men",1,2012
"ALG","Men",5,2012
"AND","Men",1,2012
"ANG","Men",1,2012
"ANT","Men",2,2012
"ARG","Men",6,2012
"ARM","Men",3,2012
"ARU","Men",0,2012
"ASA","Men",1,2012
"AUS","Men",32,2012
"AUT","Men",3,2012
"AZE","Men",2,2012
"BAH","Men",12,2012
"BAN","Men",1,2012
"BAR","Men",4,2012
"BDI","Men",1,2012
"BEL","Men",7,2012
"BEN","Men",1,2012
"BER","Men",1,2012
"BIH","Men",1,2012
"BIR","Men",0,2012
"BIZ","Men",1,2012
"BLR","Men",14,2012
"BOL","Men",1,2012
"BOT","Men",2,2012
"BRA","Men",15,2012
"BRN","Men",3,2012
"BRU","Men",1,2012
"BUL","Men",2,2012
"BUR","Men",1,2012
"CAF","Men",1,2012
"CAM","Men",1,2012
"CAN","Men",23,2012
"CAY","Men",2,2012
"CGO","Men",1,2012
"CHA","Men",0,2012
"CHI","Men",4,2012
"CHN","Men",26,2012
"CIV","Men",1,2012
"CMR","Men",1,2012
"COD","Men",1,2012
"COK","Men",1,2012
"COL","Men",10,2012
"COM","Men",1,2012
"CPV","Men",1,2012
"CRC","Men",2,2012
"CRO","Men",5,2012
"CUB","Men",23,2012
"CUR","Men",1,2012
"CYP","Men",3,2012
"CZE","Men",14,2012
"DEN","Men",3,2012
"DJI","Men",1,2012
"DMA","Men",1,2012
"DOM","Men",6,2012
"ECU","Men",8,2012
"EGY","Men",6,2012
"ERI","Men",10,2012
"ESA","Men",1,2012
"ESP","Men",27,2012
"EST","Men",7,2012
"ETH","Men",17,2012
"EUN","Men",0,2012
"FIJ","Men",1,2012
"FIN","Men",12,2012
"FRA","Men",29,2012
"FRG","Men",0,2012
"FSM","Men",1,2012
"GAB","Men",1,2012
"GAM","Men",1,2012
"GBR","Men",39,2012
"GBS","Men",1,2012
"GDR","Men",0,2012
"GEO","Men",3,2012
"GEQ","Men",1,2012
"GER","Men",34,2012
"GHA","Men",1,2012
"GRE","Men",11,2012
"GRN","Men",4,2012
"GUA","Men",3,2012
"GUI","Men",1,2012
"GUM","Men",1,2012
"GUY","Men",2,2012
"HAI","Men",3,2012
"HKG","Men",4,2012
"HON","Men",1,2012
"HUN","Men",10,2012
"ICP","Men",0,2012
"INA","Men",1,2012
"IND","Men",8,2012
"IOA","Men",0,2012
"IRI","Men",9,2012
"IRL","Men",7,2012
"IRQ","Men",1,2012
"ISL","Men",2,2012
"ISR","Men",2,2012
"ISV","Men",2,2012
"ITA","Men",16,2012
"IVB","Men",1,2012
"JAM","Men",22,2012
"JOR","Men",1,2012
"JPN","Men",27,2012
"KAZ","Men",10,2012
"KEN","Men",24,2012
"KGZ","Men",1,2012
"KIR","Men",1,2012
"KOR","Men",11,2012
"KSA","Men",9,2012
"KUW","Men",3,2012
"LAN","Men",0,2012
"LAO","Men",1,2012
"LAT","Men",12,2012
"LBA","Men",1,2012
"LBR","Men",1,2012
"LCA","Men",1,2012
"LES","Men",2,2012
"LIB","Men",1,2012
"LIE","Men",1,2012
"LTU","Men",7,2012
"LUX","Men",0,2012
"MAD","Men",1,2012
"MAR","Men",11,2012
"MAS","Men",1,2012
"MAW","Men",1,2012
"MDA","Men",4,2012
"MDV","Men",1,2012
"MEX","Men",14,2012
"MGL","Men",1,2012
"MHL","Men",1,2012
"MKD","Men",1,2012
"MLI","Men",1,2012
"MLT","Men",1,2012
"MNE","Men",1,2012
"MON","Men",1,2012
"MOZ","Men",1,2012
"MRI","Men",1,2012
"MTN","Men",1,2012
"MYA","Men",1,2012
"NAM","Men",0,2012
"NCA","Men",1,2012
"NED","Men",10,2012
"NEP","Men",1,2012
"NGR","Men",8,2012
"NIG","Men",1,2012
"NOR","Men",7,2012
"NZL","Men",4,2012
"OMA","Men",1,2012
"PAK","Men",1,2012
"PAN","Men",2,2012
"PAR","Men",1,2012
"PER","Men",2,2012
"PHI","Men",1,2012
"PLE","Men",1,2012
"PLW","Men",1,2012
"PNG","Men",1,2012
"POL","Men",30,2012
"POR","Men",11,2012
"PRK","Men",2,2012
"PRY","Men",0,2012
"PUR","Men",8,2012
"QAT","Men",5,2012
"ROU","Men",2,2012
"RSA","Men",15,2012
"RUS","Men",39,2012
"RWA","Men",2,2012
"SAM","Men",1,2012
"SCG","Men",0,2012
"SEN","Men",3,2012
"SEY","Men",1,2012
"SIN","Men",1,2012
"SKN","Men",4,2012
"SLE","Men",1,2012
"SLO","Men",5,2012
"SMR","Men",0,2012
"SOL","Men",1,2012
"SOM","Men",1,2012
"SRB","Men",7,2012
"SRI","Men",1,2012
"SSD","Men",1,2012
"STP","Men",1,2012
"SUD","Men",3,2012
"SUI","Men",3,2012
"SUR","Men",1,2012
"SVK","Men",5,2012
"SWE","Men",3,2012
"SWZ","Men",1,2012
"SYR","Men",1,2012
"TAN","Men",2,2012
"TCH","Men",0,2012
"TGA","Men",1,2012
"THA","Men",1,2012
"TJK","Men",1,2012
"TKM","Men",1,2012
"TLS","Men",1,2012
"TOG","Men",1,2012
"TPE","Men",4,2012
"TTO","Men",13,2012
"TUN","Men",3,2012
"TUR","Men",8,2012
"TUV","Men",1,2012
"UAE","Men",1,2012
"UGA","Men",8,2012
"UKR","Men",30,2012
"URS","Men",0,2012
"URU","Men",1,2012
"USA","Men",62,2012
"UZB","Men",4,2012
"VAN","Men",1,2012
"VEN","Men",8,2012
"VIE","Men",0,2012
"VIN","Men",1,2012
"YAR","Men",0,2012
"YEM","Men",1,2012
"YUG","Men",0,2012
"ZAI","Men",0,2012
"ZAM","Men",2,2012
"ZIM","Men",2,2012
"AFG","Women",1,2012
"AHO","Women",0,2012
"ALB","Women",0,2012
"ALG","Women",1,2012
"AND","Women",1,2012
"ANG","Women",1,2012
"ANT","Women",1,2012
"ARG","Women",3,2012
"ARM","Women",1,2012
"ARU","Women",0,2012
"ASA","Women",0,2012
"AUS","Women",18,2012
"AUT","Women",4,2012
"AZE","Women",1,2012
"BAH","Women",8,2012
"BAN","Women",0,2012
"BAR","Women",0,2012
"BDI","Women",2,2012
"BEL","Women",7,2012
"BEN","Women",1,2012
"BER","Women",1,2012
"BIH","Women",1,2012
"BIR","Women",0,2012
"BIZ","Women",1,2012
"BLR","Women",30,2012
"BOL","Women",1,2012
"BOT","Women",1,2012
"BRA","Women",15,2012
"BRN","Women",6,2012
"BRU","Women",1,2012
"BUL","Women",6,2012
"BUR","Women",1,2012
"CAF","Women",1,2012
"CAM","Women",1,2012
"CAN","Women",19,2012
"CAY","Women",0,2012
"CGO","Women",1,2012
"CHA","Women",1,2012
"CHI","Women",4,2012
"CHN","Women",25,2012
"CIV","Women",2,2012
"CMR","Women",1,2012
"COD","Women",1,2012
"COK","Women",1,2012
"COL","Women",19,2012
"COM","Women",1,2012
"CPV","Women",1,2012
"CRC","Women",2,2012
"CRO","Women",4,2012
"CUB","Women",23,2012
"CUR","Women",0,2012
"CYP","Women",1,2012
"CZE","Women",17,2012
"DEN","Women",3,2012
"DJI","Women",1,2012
"DMA","Women",1,2012
"DOM","Women",3,2012
"ECU","Women",5,2012
"EGY","Women",0,2012
"ERI","Women",1,2012
"ESA","Women",1,2012
"ESP","Women",19,2012
"EST","Women",3,2012
"ETH","Women",14,2012
"EUN","Women",0,2012
"FIJ","Women",1,2012
"FIN","Women",5,2012
"FRA","Women",18,2012
"FRG","Women",0,2012
"FSM","Women",1,2012
"GAB","Women",1,2012
"GAM","Women",1,2012
"GBR","Women",30,2012
"GBS","Women",1,2012
"GDR","Women",0,2012
"GEO","Women",1,2012
"GEQ","Women",1,2012
"GER","Women",37,2012
"GHA","Women",1,2012
"GRE","Women",12,2012
"GRN","Women",2,2012
"GUA","Women",3,2012
"GUI","Women",1,2012
"GUM","Women",1,2012
"GUY","Women",1,2012
"HAI","Women",1,2012
"HKG","Women",1,2012
"HON","Women",1,2012
"HUN","Women",8,2012
"ICP","Women",0,2012
"INA","Women",1,2012
"IND","Women",6,2012
"IOA","Women",0,2012
"IRI","Women",1,2012
"IRL","Women",14,2012
"IRQ","Women",1,2012
"ISL","Women",1,2012
"ISR","Women",1,2012
"ISV","Women",2,2012
"ITA","Women",17,2012
"IVB","Women",1,2012
"JAM","Women",20,2012
"JOR","Women",1,2012
"JPN","Women",17,2012
"KAZ","Women",15,2012
"KEN","Women",18,2012
"KGZ","Women",1,2012
"KIR","Women",1,2012
"KOR","Women",6,2012
"KSA","Women",1,2012
"KUW","Women",0,2012
"LAN","Women",0,2012
"LAO","Women",1,2012
"LAT","Women",10,2012
"LBA","Women",1,2012
"LBR","Women",2,2012
"LCA","Women",1,2012
"LES","Women",1,2012
"LIB","Women",1,2012
"LIE","Women",0,2012
"LTU","Women",13,2012
"LUX","Women",0,2012
"MAD","Women",1,2012
"MAR","Women",10,2012
"MAS","Women",1,2012
"MAW","Women",1,2012
"MDA","Women",4,2012
"MDV","Women",1,2012
"MEX","Women",4,2012
"MGL","Women",1,2012
"MHL","Women",1,2012
"MKD","Women",1,2012
"MLI","Women",1,2012
"MLT","Women",1,2012
"MNE","Women",1,2012
"MON","Women",0,2012
"MOZ","Women",1,2012
"MRI","Women",1,2012
"MTN","Women",1,2012
"MYA","Women",1,2012
"NAM","Women",3,2012
"NCA","Women",1,2012
"NED","Women",8,2012
"NEP","Women",1,2012
"NGR","Women",13,2012
"NIG","Women",1,2012
"NOR","Women",4,2012
"NZL","Women",4,2012
"OMA","Women",1,2012
"PAK","Women",1,2012
"PAN","Women",1,2012
"PAR","Women",1,2012
"PER","Women",3,2012
"PHI","Women",1,2012
"PLE","Women",1,2012
"PLW","Women",1,2012
"PNG","Women",1,2012
"POL","Women",22,2012
"POR","Women",13,2012
"PRK","Women",3,2012
"PRY","Women",0,2012
"PUR","Women",2,2012
"QAT","Women",1,2012
"ROU","Women",15,2012
"RSA","Women",5,2012
"RUS","Women",58,2012
"RWA","Women",1,2012
"SAM","Women",0,2012
"SCG","Women",0,2012
"SEN","Women",3,2012
"SEY","Women",1,2012
"SIN","Women",1,2012
"SKN","Women",0,2012
"SLE","Women",1,2012
"SLO","Women",7,2012
"SMR","Women",1,2012
"SOL","Women",1,2012
"SOM","Women",1,2012
"SRB","Women",7,2012
"SRI","Women",1,2012
"SSD","Women",0,2012
"STP","Women",1,2012
"SUD","Women",1,2012
"SUI","Women",8,2012
"SUR","Women",1,2012
"SVK","Women",6,2012
"SWE","Women",6,2012
"SWZ","Women",1,2012
"SYR","Women",1,2012
"TAN","Women",1,2012
"TCH","Women",0,2012
"TGA","Women",1,2012
"THA","Women",1,2012
"TJK","Women",1,2012
"TKM","Women",1,2012
"TLS","Women",1,2012
"TOG","Women",1,2012
"TPE","Women",2,2012
"TTO","Women",7,2012
"TUN","Women",2,2012
"TUR","Women",23,2012
"TUV","Women",1,2012
"UAE","Women",1,2012
"UGA","Women",3,2012
"UKR","Women",43,2012
"URS","Women",0,2012
"URU","Women",1,2012
"USA","Women",61,2012
"UZB","Women",9,2012
"VAN","Women",1,2012
"VEN","Women",4,2012
"VIE","Women",2,2012
"VIN","Women",1,2012
"YAR","Women",0,2012
"YEM","Women",1,2012
"YUG","Women",0,2012
"ZAI","Women",0,2012
"ZAM","Women",1,2012
"ZIM","Women",1,2012
